client_id,last_name,first_name,middle_name,gender,phone_number,birth_date,email
1,Сергеева,Екатерина,Евгеньевна,Ж,+7 584 495 8542,1993-04-04,sisoevavgust@example.org
2,Белова,Ульяна,Аскольдовна,Ж,+7 (108) 465-46-31,1973-06-07,antonovvladislav@example.org
3,Данилов,Вячеслав,Марсович,М,8 (658) 747-1739,1988-07-28,candreeva@example.net
4,Гурьева,Василиса,Викторовна,Ж,8 (297) 803-0715,1964-06-04,bronislav11@example.org
5,Федосеев,Владислав,Брониславович,М,83554631436,1964-02-09,noskovanani@example.org
6,Орлова,Таисия,Григорьевна,Ж,+75801719413,1971-09-29,silinaalevtina@example.com
7,Горбунова,Маргарита,Болеславовна,Ж,8 517 143 91 95,1993-08-15,sobolevatatjana@example.org
8,Исаева,Варвара,Ильинична,Ж,+7 196 789 1934,1982-01-07,anzhelika_2014@example.com
9,Игнатова,Ольга,Григорьевна,Ж,8 (801) 130-77-52,1970-02-15,gremislav63@example.org
10,Бирюкова,Евдокия,Даниловна,Ж,8 598 664 35 46,1969-06-10,bgorbacheva@example.com
11,Пестова,Алина,Альбертовна,Ж,8 (058) 631-9008,1967-07-15,sobolevtrofim@example.org
12,Гурьева,Наталья,Ниловна,Ж,+7 (431) 724-7890,1969-11-23,vasilisa2000@example.net
13,Уварова,Ольга,Ильинична,Ж,+7 (007) 090-8599,1985-01-01,shcherbakovavgust@example.com
14,Дмитриева,Ираида,Аркадьевна,Ж,8 367 504 72 45,1965-01-06,emil_64@example.org
15,Горбунов,Богдан,Вилорович,М,83263608279,1965-12-10,andre_1980@example.com
16,Попова,Александра,Святославовна,Ж,+7 (764) 933-23-14,1970-04-02,morozovtverdislav@example.org
17,Афанасьева,Любовь,Ниловна,Ж,+7 (152) 408-4741,1962-11-13,emilarhipov@example.net
18,Полякова,Элеонора,Евгеньевна,Ж,8 (364) 350-9671,1988-05-10,anzhela1981@example.com
19,Юдина,Лора,Макаровна,Ж,8 676 825 23 82,1988-07-06,rostislavkostin@example.com
20,Колобова,Наина,Михайловна,Ж,+73461262156,1997-08-29,iosif1974@example.com
21,Зыкова,Лидия,Эльдаровна,Ж,82718922256,1956-09-07,molchanovkasjan@example.org
22,Петухов,Владилен,Харлампьевич,М,+7 573 794 1155,1970-02-07,feofan07@example.org
23,Елисеева,Анжела,Григорьевна,Ж,+75293961521,1964-09-25,ladimirzinovev@example.com
24,Матвеева,Таисия,Валентиновна,Ж,+7 (531) 122-14-03,1981-08-07,konstantinovbojan@example.org
25,Воронцова,Полина,Владимировна,Ж,+7 258 325 3109,1999-08-18,terentimatveev@example.org
26,Рыбакова,Маргарита,Рубеновна,Ж,+77956121813,1980-04-18,kudrjavtsevfoti@example.com
27,Афанасьева,Регина,Аркадьевна,Ж,87047649938,1967-12-20,markovavalentina@example.com
28,Быков,Август,Теймуразович,М,+7 (361) 557-97-38,1993-01-11,dsoboleva@example.com
29,Журавлева,Мария,Юрьевна,Ж,+7 (460) 638-5891,1997-03-04,amvrosibogdanov@example.com
30,Калашникова,Лидия,Аркадьевна,Ж,8 535 565 2579,1997-10-24,ratmir_06@example.org
31,Комиссарова,Василиса,Тарасовна,Ж,8 465 329 81 15,1987-04-11,pankratmarkov@example.org
32,Фомичева,Ирина,Егоровна,Ж,+7 748 054 77 42,1975-04-20,maja2017@example.org
33,Егорова,Ия,Юрьевна,Ж,8 (051) 855-64-96,1969-04-22,silanti76@example.org
34,Рябова,Юлия,Антоновна,Ж,8 700 321 68 99,1972-10-22,rjurik41@example.net
35,Полякова,Олимпиада,Леонидовна,Ж,8 (374) 354-87-22,1997-08-18,proklpanfilov@example.net
36,Устинова,Феврония,Никифоровна,Ж,8 214 201 10 77,1987-11-23,gedeon_04@example.org
37,Пономарев,Ярослав,Артемьевич,М,8 784 663 4494,2005-07-29,svjatopolkpetrov@example.com
38,Туров,Мирослав,Эдуардович,М,+7 329 601 73 43,1977-05-02,karpovgeorgi@example.com
39,Денисова,Ираида,Макаровна,Ж,+7 (530) 781-02-80,1979-01-12,prohor54@example.org
40,Орехова,Анжела,Руслановна,Ж,8 (937) 170-4197,1958-01-18,gkolobov@example.org
41,Дьячкова,Раиса,Федоровна,Ж,83709621415,1974-08-02,serge1992@example.com
42,Волкова,Нина,Кузьминична,Ж,8 (520) 746-62-67,1993-01-15,efremvishnjakov@example.com
43,Шаров,Лазарь,Венедиктович,М,8 378 849 6642,1961-05-28,hristofor_37@example.com
44,Игнатьева,Алевтина,Ждановна,Ж,8 148 654 10 35,1955-09-02,bikovavalerija@example.com
45,Комарова,Елизавета,Богдановна,Ж,+7 (017) 648-5889,1979-05-02,elizarshcherbakov@example.net
46,Сысоева,Марфа,Мироновна,Ж,8 (958) 328-9910,1997-01-27,evlampi1999@example.net
47,Сорокина,Светлана,Васильевна,Ж,+7 976 318 1737,1987-11-01,klavdishchukin@example.org
48,Пахомова,Фёкла,Олеговна,Ж,8 716 198 19 22,1974-03-09,bespalovradovan@example.com
49,Гаврилов,Фортунат,Зиновьевич,М,+7 595 817 7200,1953-10-31,adrian1997@example.net
50,Лебедева,Олимпиада,Анатольевна,Ж,+7 (962) 202-7344,1964-01-12,lev_72@example.com
51,Мясникова,Алевтина,Николаевна,Ж,8 (613) 958-36-68,1991-04-04,sergeandreev@example.net
52,Некрасов,Исидор,Захарьевич,М,83012669865,1997-03-08,evgenizatsev@example.net
53,Князева,Ульяна,Семеновна,Ж,86286974439,1970-02-22,valerija1980@example.net
54,Быкова,Зоя,Ивановна,Ж,+7 912 115 18 15,2003-12-22,erofe1982@example.com
55,Исаева,Надежда,Макаровна,Ж,+73617791046,1965-01-16,savva1995@example.net
56,Лобанова,Екатерина,Леоновна,Ж,86844153138,1972-02-10,vasilevbojan@example.com
57,Трофимова,Элеонора,Богдановна,Ж,84809181256,1955-06-13,avgust25@example.org
58,Суханова,Василиса,Алексеевна,Ж,+7 (581) 991-95-29,1977-03-04,askold2019@example.com
59,Сысоева,Жанна,Святославовна,Ж,8 (442) 574-20-89,1958-03-24,mitofan_2007@example.net
60,Белов,Галактион,Анисимович,М,+78903917400,2004-01-06,zahar_1997@example.org
61,Никифорова,Анна,Александровна,Ж,+7 (329) 876-62-35,1965-06-18,cheslav15@example.net
62,Цветкова,Ираида,Натановна,Ж,8 921 448 17 40,1973-08-12,suvorovelizar@example.org
63,Лихачева,Татьяна,Григорьевна,Ж,+7 (773) 841-73-42,1958-06-16,samsonovermola@example.net
64,Кудрявцева,Фёкла,Максимовна,Ж,8 129 674 46 84,1955-02-02,khohlov@example.org
65,Гуляева,Надежда,Вячеславовна,Ж,8 (055) 845-55-13,1974-12-29,antip2008@example.net
66,Гордеева,Зоя,Викторовна,Ж,8 (125) 273-7144,1966-04-21,afanasevsavva@example.com
67,Калинина,Кира,Федоровна,Ж,+78736936094,2004-04-05,margarita_67@example.org
68,Романова,Алла,Антоновна,Ж,8 222 916 9023,1999-01-26,jaroslavvinogradov@example.org
69,Самойлова,Полина,Васильевна,Ж,88310755464,1985-05-14,rodionkudrjavtsev@example.com
70,Мухин,Борис,Тихонович,М,88020856383,1983-01-06,izmail_39@example.org
71,Агафонов,Иван,Всеволодович,М,8 (746) 086-9008,2000-03-11,moke_2016@example.com
72,Яковлева,Прасковья,Мироновна,Ж,8 (294) 045-07-33,1992-09-02,lev_1983@example.com
73,Русаков,Андрон,Эдгарович,М,89521953138,1958-01-30,narkis68@example.org
74,Баранова,Марина,Вениаминовна,Ж,8 (483) 198-61-44,1977-03-14,ymoiseev@example.com
75,Иванова,Таисия,Рудольфовна,Ж,8 842 605 62 11,1979-11-18,savinkarl@example.net
76,Петухова,Вероника,Станиславовна,Ж,+7 707 962 77 98,1978-11-15,ignati_1992@example.org
77,Петров,Виктор,Харитонович,М,81982633604,1986-02-17,ostapfedoseev@example.org
78,Копылов,Наркис,Иларионович,М,88720209474,1996-08-13,pkrilova@example.com
79,Молчанова,Валерия,Андреевна,Ж,+7 219 298 3394,1995-06-19,bronislav_1974@example.org
80,Вишнякова,Юлия,Олеговна,Ж,+7 744 203 93 79,1977-07-19,agafonovaevdokija@example.org
81,Жукова,Олимпиада,Алексеевна,Ж,+7 446 700 7536,1998-10-30,pahomovlavrenti@example.net
82,Громова,Евгения,Аркадьевна,Ж,+7 045 177 5158,1995-08-01,lapinavalerija@example.net
83,Лыткин,Варфоломей,Тарасович,М,+7 (302) 820-9253,1990-07-02,suhanovaalevtina@example.com
84,Владимирова,Варвара,Артемовна,Ж,83474827076,1986-06-04,smirnovaanzhela@example.net
85,Брагина,Агата,Макаровна,Ж,8 605 679 93 47,1963-07-16,kuznetsovairina@example.org
86,Богданова,Ираида,Афанасьевна,Ж,+7 797 158 51 54,1954-09-26,emeljanovignati@example.net
87,Королева,Василиса,Сергеевна,Ж,+7 955 507 9422,1954-08-24,konovalovserge@example.net
88,Кузнецова,Анастасия,Филипповна,Ж,8 (139) 181-3728,1999-11-15,rpetrova@example.org
89,Ширяева,Алина,Святославовна,Ж,8 804 757 53 65,1978-01-13,ladimir_2012@example.net
90,Медведева,Лариса,Васильевна,Ж,+7 (958) 248-23-14,1992-02-05,nikolaevmefodi@example.net
91,Петрова,Вера,Константиновна,Ж,8 (757) 469-5316,1960-05-27,dobromisl_2007@example.org
92,Дьячков,Вадим,Владиславович,М,83116373511,1980-08-19,nikitinnikon@example.net
93,Чернова,Татьяна,Сергеевна,Ж,+79238750363,1968-07-26,zinovi2007@example.com
94,Кононов,Фотий,Афанасьевич,М,8 334 311 16 32,1956-04-04,antonovaelena@example.com
95,Корнилова,Эмилия,Леонидовна,Ж,8 525 684 61 90,1988-07-18,ovchinnikovradim@example.com
96,Никитина,Ангелина,Афанасьевна,Ж,8 687 588 91 37,1976-03-16,ladislav_17@example.com
97,Муравьева,Евфросиния,Юльевна,Ж,+7 (048) 251-27-19,1968-09-25,harlampizikov@example.org
98,Ефимов,Руслан,Еремеевич,М,+7 (102) 030-0667,1959-09-05,shirjaevjanuari@example.com
99,Орехов,Любосмысл,Арсеньевич,М,+7 (775) 260-4910,2005-09-21,ysitnikova@example.com
100,Зуева,Вероника,Макаровна,Ж,+7 707 761 6455,1963-02-21,maksimovkim@example.com
101,Молчанова,Кира,Викторовна,Ж,8 (192) 424-86-09,2001-04-25,serafim_13@example.net
102,Коновалова,Агата,Александровна,Ж,8 350 227 3735,1971-04-30,fade_2000@example.com
103,Петров,Эдуард,Всеволодович,М,86404542472,1959-04-12,radislavmuhin@example.org
104,Крюкова,Светлана,Тимофеевна,Ж,+7 (567) 944-1004,1988-11-27,anna06@example.com
105,Бобылев,Эдуард,Иосифович,М,85445743370,1957-03-16,burovradovan@example.org
106,Чернова,Синклитикия,Кузьминична,Ж,+7 (582) 566-1175,1964-11-22,nikandr1992@example.net
107,Козлова,Марина,Харитоновна,Ж,+7 592 058 98 01,2005-10-07,xrusakov@example.net
108,Калашникова,Ангелина,Натановна,Ж,+7 611 061 24 58,1994-06-20,fekla_2021@example.org
109,Воронцова,Людмила,Ивановна,Ж,+7 438 193 3399,1964-04-18,ratmir_1986@example.net
110,Кулагина,Наталья,Аркадьевна,Ж,8 (064) 028-79-34,2000-12-02,koshelevuljan@example.org
111,Артемьева,Кира,Антоновна,Ж,8 (756) 807-82-19,1993-05-10,feofan_1993@example.net
112,Казакова,Акулина,Алексеевна,Ж,8 (244) 574-93-10,1979-01-07,julian_08@example.org
113,Исакова,Ксения,Владиславовна,Ж,+7 (987) 983-3030,1967-05-05,mark_2024@example.org
114,Попова,Марфа,Аскольдовна,Ж,+73810636818,1993-07-25,ejudin@example.com
115,Корнилова,Элеонора,Наумовна,Ж,8 762 494 5310,1992-08-11,molchanovaaleksandra@example.net
116,Цветкова,Ирина,Борисовна,Ж,8 (652) 458-9749,1960-12-13,modestlitkin@example.com
117,Казакова,Лора,Георгиевна,Ж,8 635 001 61 34,2005-04-17,samuil95@example.org
118,Михайлова,Юлия,Петровна,Ж,8 (240) 508-69-75,1968-07-09,konovalovlukjan@example.com
119,Лихачева,Нонна,Никифоровна,Ж,8 504 610 02 18,1966-10-07,filipp_1983@example.com
120,Суханова,Маргарита,Рудольфовна,Ж,+71962959726,1986-09-07,ignati_76@example.com
121,Устинов,Якуб,Борисович,М,+7 588 893 5136,1974-03-02,tretjakovisa@example.net
122,Логинова,Агафья,Рудольфовна,Ж,+70607582981,1987-04-17,savelevajulija@example.org
123,Журавлева,Феврония,Кирилловна,Ж,+7 234 506 58 76,1955-03-28,zuevanisim@example.com
124,Волкова,Дарья,Оскаровна,Ж,8 088 882 58 68,1958-01-10,samson_50@example.com
125,Колобов,Милован,Игнатьевич,М,8 (597) 787-94-00,1997-06-25,shilovkasjan@example.net
126,Дмитриева,Прасковья,Кузьминична,Ж,8 (696) 092-19-70,1982-08-02,jakushevflorentin@example.com
127,Носова,Алина,Олеговна,Ж,8 (408) 684-8542,2000-02-26,gerasim15@example.net
128,Анисимова,Оксана,Валериевна,Ж,8 879 511 5307,1974-09-28,hariton_2024@example.net
129,Калашников,Антип,Денисович,М,80431412995,1982-01-16,lihachevviktorin@example.com
130,Афанасьева,Ия,Семеновна,Ж,+7 (554) 200-09-57,1975-02-12,silinauljana@example.com
131,Лыткина,Александра,Кузьминична,Ж,+7 427 847 7511,1980-05-18,ykabanov@example.net
132,Максимова,Александра,Евгеньевна,Ж,8 902 410 90 33,1994-05-13,valerjan_1977@example.org
133,Зайцева,Анна,Захаровна,Ж,+7 (167) 617-8947,2004-11-13,anikita84@example.net
134,Некрасова,Екатерина,Андреевна,Ж,8 958 152 10 13,1973-02-09,kuznetsovprohor@example.org
135,Юдина,Ия,Мироновна,Ж,8 (583) 084-94-22,1985-02-09,ksilina@example.org
136,Лаврентьева,Раиса,Аркадьевна,Ж,8 031 501 5054,2003-09-12,tvorimir69@example.org
137,Лукина,Олимпиада,Вадимовна,Ж,8 (993) 152-18-54,1987-04-30,epifan_89@example.com
138,Коновалова,Таисия,Яковлевна,Ж,+7 (442) 327-6058,1960-02-16,ostromir10@example.com
139,Гущина,Татьяна,Семеновна,Ж,+7 (079) 323-58-20,1988-05-15,galkinaksenija@example.net
140,Гущина,Ираида,Степановна,Ж,8 414 442 92 01,1988-07-15,vikenti_1981@example.com
141,Гордеева,Наина,Григорьевна,Ж,+7 (292) 811-11-42,1955-02-12,sobolevserge@example.com
142,Белякова,Алевтина,Артемовна,Ж,+7 916 801 8872,1989-02-19,zhukovauljana@example.org
143,Кудряшова,Акулина,Егоровна,Ж,+7 149 750 15 12,1996-08-02,radislav_1988@example.com
144,Тетерин,Гурий,Матвеевич,М,+7 (782) 430-63-00,1996-05-03,vpetuhova@example.org
145,Яковлев,Ратмир,Владиславович,М,+7 364 951 43 29,1995-05-25,paramonmarkov@example.com
146,Полякова,Нинель,Анатольевна,Ж,+7 (545) 350-7012,1966-12-05,melnikovandronik@example.net
147,Силина,Валерия,Львовна,Ж,8 (022) 415-40-26,1977-05-14,jan1971@example.org
148,Быкова,Глафира,Антоновна,Ж,84852927532,1987-05-22,selivan89@example.org
149,Белозерова,Вероника,Даниловна,Ж,+7 226 542 8198,1984-06-03,innokenti2014@example.org
150,Полякова,Глафира,Болеславовна,Ж,8 743 312 79 77,1996-04-25,evpraksija2007@example.net
151,Кузьмина,Кира,Григорьевна,Ж,8 (678) 979-8343,1976-09-12,fedoroviosif@example.net
152,Белоусова,Лариса,Яковлевна,Ж,+78363296746,2006-01-24,cshcherbakova@example.net
153,Юдина,Синклитикия,Ефимовна,Ж,8 (050) 464-74-21,1968-05-07,sila_50@example.net
154,Королева,Ия,Натановна,Ж,+7 (448) 376-95-68,1993-11-10,sokrat2000@example.org
155,Агафонова,Надежда,Тарасовна,Ж,8 617 095 88 48,1954-04-24,ignativlasov@example.net
156,Андреева,Ксения,Тимуровна,Ж,8 (363) 008-62-30,1966-10-27,mrogova@example.org
157,Копылов,Ладислав,Ефимьевич,М,+71067399009,1983-01-18,gremislav_49@example.com
158,Дементьева,Тамара,Григорьевна,Ж,8 (575) 924-84-64,1990-11-09,qnoskov@example.org
159,Комиссарова,Анжела,Васильевна,Ж,8 997 730 71 94,1967-03-28,sidorovnikandr@example.org
160,Зимина,Кира,Наумовна,Ж,+7 205 897 7430,1983-04-06,ferapontnikolaev@example.com
161,Мухина,Полина,Афанасьевна,Ж,8 (362) 675-1038,2004-03-26,bikovostromir@example.org
162,Меркушева,Людмила,Григорьевна,Ж,+7 704 055 82 42,1984-06-29,ignatevleonid@example.org
163,Рогова,Юлия,Аскольдовна,Ж,82417402734,1988-07-09,avgust_23@example.com
164,Моисеева,Евдокия,Борисовна,Ж,+70838241595,1954-01-07,arefi_1996@example.com
165,Архипова,Валерия,Рудольфовна,Ж,+7 912 203 56 73,1998-06-04,platon2010@example.com
166,Овчинникова,Агафья,Робертовна,Ж,+7 871 140 8569,2006-03-29,zosima2020@example.org
167,Беляев,Афиноген,Бенедиктович,М,80708420907,1982-03-24,poljakovaveronika@example.net
168,Никитина,Василиса,Ивановна,Ж,8 643 494 71 16,1970-07-24,knjazevseliverst@example.org
169,Белоусова,Елена,Юльевна,Ж,+7 039 595 55 45,1992-12-27,zshirjaev@example.net
170,Воронцова,Любовь,Федоровна,Ж,86440893016,1974-03-02,avdeevalora@example.com
171,Рыбакова,Вера,Григорьевна,Ж,8 796 560 7748,2000-12-13,ufedorova@example.net
172,Наумова,Тамара,Кузьминична,Ж,+7 (148) 687-0457,2001-03-01,eduardosipov@example.com
173,Ефимова,Зоя,Егоровна,Ж,+7 004 445 38 06,1969-09-04,strelkovjakub@example.org
174,Богданов,Прохор,Ефремович,М,+74890289736,1967-11-09,ckapustina@example.net
175,Лебедев,Григорий,Григорьевич,М,8 822 408 2483,1965-09-15,medvedevspiridon@example.org
176,Гусева,Екатерина,Георгиевна,Ж,+7 (410) 949-5521,1993-09-30,agafja94@example.org
177,Рыбакова,Вероника,Семеновна,Ж,+73769737245,1971-06-29,pahom_1979@example.com
178,Мухина,Нонна,Даниловна,Ж,8 (177) 992-5960,1961-11-15,lavrenti48@example.org
179,Самойлова,Лукия,Романовна,Ж,+7 782 645 31 28,1979-03-11,nikodimzikov@example.org
180,Емельянова,Евдокия,Викторовна,Ж,+7 648 709 97 26,1965-10-17,ratmir_84@example.com
181,Сидорова,Ульяна,Ефимовна,Ж,+73947320874,1991-05-13,subbotinaanzhela@example.net
182,Мельникова,Акулина,Кузьминична,Ж,8 327 454 4251,1989-01-05,edenisov@example.org
183,Полякова,Фаина,Анатольевна,Ж,+75727251783,2004-11-20,jaropolkshilov@example.org
184,Щербакова,Нина,Тимуровна,Ж,89705959999,1964-10-06,lev2003@example.net
185,Антонова,Ирина,Степановна,Ж,+7 (057) 225-07-57,1978-09-20,anisim69@example.net
186,Гордеева,Элеонора,Станиславовна,Ж,+7 244 628 2015,2000-01-30,nazar2010@example.org
187,Кузьмин,Соломон,Ильич,М,+7 (406) 817-14-65,1954-05-20,marian_1992@example.net
188,Хохлова,Любовь,Александровна,Ж,8 015 992 1512,2005-04-01,rogovartemi@example.com
189,Копылов,Ермолай,Измаилович,М,+78954062392,1985-11-13,aleksandrovlavrenti@example.com
190,Русакова,Тамара,Алексеевна,Ж,+7 (862) 197-09-09,1981-12-26,bogdan_1970@example.com
191,Миронова,Майя,Владиславовна,Ж,8 (803) 263-3018,2000-08-10,kapiton_2002@example.org
192,Фадеева,Жанна,Кузьминична,Ж,89799987926,1991-10-29,frol91@example.org
193,Маркова,Елизавета,Романовна,Ж,8 830 547 61 66,1961-03-11,zosima_86@example.org
194,Крюкова,Нинель,Вениаминовна,Ж,+7 808 039 4579,1962-03-10,voronovigor@example.net
195,Шарова,Ираида,Кузьминична,Ж,+76118484727,1966-07-03,samsonovvarlaam@example.org
196,Сергеев,Арефий,Ильясович,М,86965508185,2001-06-17,pantelemon2005@example.com
197,Воронова,Глафира,Филипповна,Ж,8 (099) 795-9070,1964-12-28,zhanna_1996@example.net
198,Пономарева,Анна,Афанасьевна,Ж,+7 (147) 111-52-12,1991-11-21,kondrati77@example.com
199,Дорофеева,Виктория,Яковлевна,Ж,8 (570) 491-8495,1975-06-22,dobromisl07@example.org
200,Королева,Анжелика,Алексеевна,Ж,+7 (018) 312-7218,1994-04-28,gorbunovstepan@example.org
201,Зиновьева,Виктория,Оскаровна,Ж,8 (865) 096-5483,1963-08-15,matve73@example.net
202,Кулагина,Анна,Оскаровна,Ж,8 829 716 6605,2005-08-14,zikovaalla@example.net
203,Мамонтова,Оксана,Андреевна,Ж,88340943752,1977-09-20,suhanovferapont@example.net
204,Харитонова,Лора,Владиславовна,Ж,8 (392) 510-18-11,1962-04-30,ivanovjan@example.com
205,Прохоров,Доброслав,Фокич,М,+7 100 103 07 05,1960-03-15,agapsmirnov@example.com
206,Ширяева,Людмила,Эльдаровна,Ж,8 (893) 796-39-72,1968-09-16,egavrilov@example.org
207,Щукина,Екатерина,Юрьевна,Ж,84600561889,1989-07-10,kira33@example.net
208,Егорова,Евпраксия,Матвеевна,Ж,+7 063 263 59 98,1989-09-21,abramovpahom@example.com
209,Блинова,Вера,Тарасовна,Ж,8 745 138 8754,1969-11-13,stanimir_1976@example.org
210,Лаврентьева,Анна,Антоновна,Ж,8 004 517 86 28,1954-06-05,morozovbojan@example.org
211,Овчинникова,Ирина,Ильинична,Ж,+7 (233) 856-9779,1957-10-14,pantelemonstrelkov@example.net
212,Терентьева,Анна,Романовна,Ж,+7 (418) 973-47-15,1970-11-15,vsevolod37@example.net
213,Якушева,Элеонора,Александровна,Ж,8 889 679 7076,2003-07-05,bespalovavera@example.com
214,Гришина,Алина,Романовна,Ж,+7 (156) 165-08-78,1976-12-24,prohor_56@example.net
215,Орехова,Вероника,Юльевна,Ж,8 701 805 1440,1980-11-09,ivan23@example.com
216,Турова,Вероника,Александровна,Ж,+7 (408) 673-5244,1997-10-22,alina_37@example.com
217,Воронова,Марина,Рубеновна,Ж,8 (056) 814-24-43,1956-12-22,zaharovanatalja@example.org
218,Субботина,Феврония,Богдановна,Ж,+7 (750) 126-92-75,1962-01-09,eduard1971@example.com
219,Рябова,Лора,Сергеевна,Ж,+7 955 993 16 70,1960-04-06,leon2021@example.com
220,Крылова,Василиса,Рубеновна,Ж,+7 298 397 6878,1994-05-07,mishinsofron@example.net
221,Воронцова,Агата,Мироновна,Ж,+7 (281) 305-78-79,1976-06-17,naumovaeleonora@example.net
222,Панфилова,Лора,Евгеньевна,Ж,+7 819 510 9440,1977-10-20,kasjan2020@example.net
223,Орлова,Виктория,Викторовна,Ж,+7 (202) 527-0206,1985-11-13,gavrila1973@example.net
224,Герасимова,Ирина,Святославовна,Ж,+7 (316) 829-3036,1990-12-22,wpahomova@example.net
225,Копылова,Антонина,Константиновна,Ж,8 (412) 682-8747,1971-08-11,kuzminluka@example.net
226,Максимова,Жанна,Филипповна,Ж,85299333921,1957-03-02,zinaida78@example.com
227,Фокина,Анастасия,Федоровна,Ж,+7 (946) 742-63-72,1969-07-10,erastzhukov@example.org
228,Герасимова,Синклитикия,Анатольевна,Ж,+7 629 858 6975,1978-09-24,muhinarkadi@example.net
229,Суханова,Евдокия,Руслановна,Ж,+71551469553,1972-06-30,zosima_1972@example.com
230,Коновалова,Майя,Вениаминовна,Ж,8 (008) 820-6143,1969-11-16,mitofan_09@example.com
231,Шубина,Вероника,Васильевна,Ж,+7 710 287 06 48,1969-08-23,shubinkondrati@example.net
232,Журавлева,Эмилия,Оскаровна,Ж,8 271 252 7584,1996-09-23,nosovpankrati@example.com
233,Филатов,Аркадий,Ефстафьевич,М,8 (774) 051-87-89,1976-09-09,nseliverstov@example.org
234,Миронова,Екатерина,Богдановна,Ж,8 475 029 14 14,1980-06-26,pahomovsaveli@example.com
235,Блинова,Пелагея,Максимовна,Ж,+7 874 922 9213,1977-07-01,vsevolod69@example.net
236,Борисова,Наина,Олеговна,Ж,8 594 844 8850,2002-05-21,vinogradovserafim@example.net
237,Крылова,Юлия,Руслановна,Ж,8 (326) 964-62-34,1991-11-15,konstantinovzinovi@example.net
238,Коновалова,Тамара,Артемовна,Ж,+7 004 244 8606,1983-12-24,ija_2001@example.net
239,Молчанова,Елена,Тарасовна,Ж,+7 479 548 10 52,1982-10-11,alekseevnifont@example.com
240,Орлов,Ираклий,Устинович,М,8 613 621 53 64,1991-09-21,efim30@example.com
241,Дроздов,Рубен,Виленович,М,+7 (604) 998-7191,1970-11-03,tit_37@example.net
242,Гущина,Синклитикия,Олеговна,Ж,87490713544,1959-04-11,potapovarefi@example.org
243,Самойлова,Анастасия,Юльевна,Ж,84370664889,1966-01-06,pestovadarja@example.net
244,Ковалева,Ираида,Юльевна,Ж,+7 274 097 1206,1976-06-24,vbelozerov@example.com
245,Фролова,Регина,Наумовна,Ж,8 145 419 33 81,1962-02-01,arefi_55@example.org
246,Воронцова,Василиса,Матвеевна,Ж,+7 (420) 943-35-15,1980-12-07,petuhovataisija@example.net
247,Котова,Антонина,Аркадьевна,Ж,+7 092 627 13 93,1967-10-12,isa_1989@example.org
248,Трофимова,Иванна,Ильинична,Ж,8 (680) 072-6753,1985-01-05,nazar31@example.org
249,Морозова,Милица,Сергеевна,Ж,8 (388) 581-2737,1998-01-03,foti_1979@example.net
250,Некрасова,Лукия,Евгеньевна,Ж,+7 (773) 598-48-92,1965-03-19,evse1983@example.com
251,Шубин,Всемил,Гурьевич,М,+7 536 577 33 29,1973-11-02,anzhela66@example.org
252,Ширяева,Майя,Львовна,Ж,8 (454) 546-58-09,1977-08-18,kapustinnikon@example.net
253,Ширяев,Тит,Августович,М,87372502503,1989-04-11,pantelemon_2018@example.org
254,Фадеева,Зинаида,Рубеновна,Ж,+70046438071,1975-05-29,emeljanovjulian@example.org
255,Петрова,Милица,Сергеевна,Ж,+7 373 725 3775,1992-02-02,averjanevdokimov@example.org
256,Потапов,Автоном,Зиновьевич,М,+7 281 727 45 48,1990-11-25,rozhkovaevpraksija@example.com
257,Молчанова,Анжелика,Юрьевна,Ж,+7 757 278 6636,1994-10-13,timofe1971@example.org
258,Громова,Анжелика,Николаевна,Ж,+7 345 058 2923,1983-02-18,agafonbeljaev@example.org
259,Федотова,Клавдия,Тимуровна,Ж,+7 (359) 244-0793,1976-05-20,fevronija84@example.com
260,Одинцова,Ирина,Тимуровна,Ж,+7 261 960 79 29,1983-04-19,andron_2009@example.org
261,Шестакова,Светлана,Петровна,Ж,8 (022) 656-0365,1962-11-16,vjacheslav_35@example.org
262,Ильин,Софрон,Анисимович,М,8 (727) 591-6675,1966-02-05,rogovguri@example.org
263,Константинова,Анжела,Робертовна,Ж,8 (868) 250-4673,1972-09-13,karp_1981@example.com
264,Ершов,Виталий,Алексеевич,М,8 (143) 217-2058,1989-10-08,raisa82@example.com
265,Турова,Акулина,Станиславовна,Ж,+7 (388) 654-7120,1977-06-10,raisa81@example.org
266,Меркушева,Анастасия,Семеновна,Ж,8 325 654 37 62,2005-03-05,demid58@example.org
267,Журавлева,Вероника,Святославовна,Ж,+7 (487) 441-49-30,1961-05-24,evseevnikola@example.org
268,Моисеева,Елена,Аркадьевна,Ж,8 (802) 603-70-46,1990-08-20,izuev@example.net
269,Тихонова,Агафья,Даниловна,Ж,+7 153 365 21 32,2002-03-09,gorde_56@example.org
270,Агафонова,Евпраксия,Дмитриевна,Ж,8 (026) 506-3468,1996-09-25,fedot_1984@example.net
271,Капустина,Василиса,Яковлевна,Ж,8 (621) 470-87-29,1997-12-12,serafim27@example.net
272,Беспалова,Анжела,Олеговна,Ж,+7 (855) 771-4724,2001-09-06,kirillovavgust@example.com
273,Рыбакова,Вероника,Яковлевна,Ж,+73827749464,1978-10-22,maksimiljan1979@example.org
274,Кудряшова,Жанна,Даниловна,Ж,8 884 982 29 71,1989-11-29,sharovaevpraksija@example.net
275,Буров,Дементий,Глебович,М,8 (183) 375-1823,1988-06-02,kliment_95@example.net
276,Кириллов,Фадей,Денисович,М,+7 217 677 6499,1986-12-08,titovermola@example.com
277,Гущина,Ангелина,Константиновна,Ж,8 211 902 82 66,1995-07-15,anani75@example.com
278,Воронова,Анастасия,Эльдаровна,Ж,83936891935,1999-02-17,bespalovartemi@example.com
279,Полякова,Варвара,Семеновна,Ж,+7 (484) 710-56-98,1984-09-16,tverdislav_1992@example.org
280,Федотов,Антип,Феоктистович,М,+78647913744,2000-06-27,jsmirnov@example.org
281,Кудрявцев,Пахом,Эдгардович,М,+7 (488) 499-90-16,1971-08-28,krjukovapelageja@example.org
282,Наумова,Наина,Викторовна,Ж,+7 935 075 36 03,1961-12-28,fkoroleva@example.net
283,Воробьева,Алина,Леонидовна,Ж,+7 (794) 186-1579,1970-07-19,nnikiforova@example.com
284,Мартынова,Евдокия,Рудольфовна,Ж,+7 (474) 605-07-84,2001-08-17,amartinova@example.org
285,Алексеева,Ангелина,Геннадиевна,Ж,+7 (512) 047-71-58,1992-04-18,gavrilovernst@example.net
286,Михайлов,Виктор,Антонович,М,+7 (859) 150-60-54,1997-07-13,rodionovmili@example.net
287,Нестерова,Зинаида,Кирилловна,Ж,+7 411 516 11 52,1984-05-23,lukinavgust@example.org
288,Авдеева,Майя,Михайловна,Ж,+7 152 383 17 24,1970-02-15,seliverstovaalevtina@example.com
289,Суворова,Алевтина,Эльдаровна,Ж,8 (621) 827-78-33,1953-08-29,gorshkovalidija@example.org
290,Филатова,Ольга,Рудольфовна,Ж,82803066948,1978-02-24,tatjana79@example.net
291,Пономарева,Алевтина,Валентиновна,Ж,8 (240) 161-0796,1957-04-08,radislavzuev@example.net
292,Николаева,Агафья,Геннадиевна,Ж,8 980 078 97 62,1988-02-09,ljudmila74@example.com
293,Ефимова,Акулина,Семеновна,Ж,8 (159) 755-20-44,1979-02-19,varlaam1992@example.com
294,Михайлова,Юлия,Аркадьевна,Ж,+7 529 125 8497,1961-05-14,sergeevleonti@example.com
295,Суханова,Феврония,Сергеевна,Ж,8 (548) 197-97-18,2003-10-29,miroslav_44@example.com
296,Осипов,Емельян,Герасимович,М,8 (385) 105-69-32,1966-05-08,georgi1987@example.net
297,Горбачева,Маргарита,Владиславовна,Ж,+7 894 859 3436,1978-12-06,rodionmironov@example.net
298,Турова,Кира,Робертовна,Ж,+7 342 777 5434,1973-05-15,ustinovamarfa@example.org
299,Савельева,Вера,Аркадьевна,Ж,8 702 894 92 55,1966-01-29,vinogradovfedosi@example.net
300,Пестова,Нинель,Тимуровна,Ж,+7 (386) 095-5110,1979-10-01,fpetuhov@example.org
301,Елисеева,Акулина,Николаевна,Ж,8 (086) 380-18-42,1991-08-18,kmerkusheva@example.com
302,Савельев,Аникей,Харлампович,М,+7 421 156 53 56,1990-07-21,eduard35@example.net
303,Владимирова,Олимпиада,Афанасьевна,Ж,+7 (680) 218-74-37,1962-01-04,panfilovaagafja@example.com
304,Лазарев,Наркис,Артёмович,М,+7 (446) 809-44-41,2005-01-28,tihonovvseslav@example.com
305,Фадеева,Наина,Мироновна,Ж,+75676321819,1960-01-15,anani30@example.org
306,Блинова,Александра,Макаровна,Ж,+7 163 978 7783,1993-12-12,akim2004@example.net
307,Афанасьева,Полина,Романовна,Ж,85585272323,1961-03-26,ivinogradov@example.org
308,Веселова,Алевтина,Аркадьевна,Ж,+7 (710) 224-8229,1963-02-14,zhuravlevladimir@example.net
309,Шубина,Алина,Анатольевна,Ж,8 049 706 6700,1962-06-28,juvenali1970@example.org
310,Медведева,Виктория,Захаровна,Ж,+7 (816) 968-41-42,1971-12-01,arefi_37@example.net
311,Королева,Ираида,Кузьминична,Ж,8 816 682 21 66,1996-08-21,lavr2009@example.org
312,Агафонова,Татьяна,Кузьминична,Ж,+7 111 215 90 78,1983-04-23,gpoljakova@example.org
313,Ермакова,Светлана,Мироновна,Ж,8 (306) 048-9843,1993-03-13,alina86@example.net
314,Абрамова,Синклитикия,Антоновна,Ж,8 120 167 89 63,1977-06-12,spiridon_81@example.com
315,Данилова,Анна,Альбертовна,Ж,+7 433 562 2470,1998-11-23,igormelnikov@example.org
316,Комиссарова,Олимпиада,Петровна,Ж,+7 (166) 399-66-02,1969-01-03,mark1989@example.com
317,Стрелкова,Марина,Леонидовна,Ж,+73633969199,1959-10-18,antonovavgust@example.net
318,Некрасова,Феврония,Болеславовна,Ж,+7 792 308 2912,1991-11-12,milovan01@example.com
319,Федорова,Татьяна,Геннадиевна,Ж,8 291 697 77 54,1993-02-01,znesterova@example.org
320,Медведева,Валентина,Леонидовна,Ж,84020083440,1984-01-23,sevastjan2000@example.org
321,Журавлев,Олимпий,Игнатьевич,М,8 (425) 018-84-86,1999-11-06,emilorlov@example.net
322,Петухова,Зоя,Викторовна,Ж,8 (055) 204-8522,1991-01-13,bojan2020@example.com
323,Гуляева,Агата,Романовна,Ж,+7 348 929 54 63,1996-10-19,antonin_1985@example.org
324,Вишнякова,Светлана,Эльдаровна,Ж,+7 (435) 797-54-44,1984-05-07,irina1991@example.com
325,Агафонова,Екатерина,Андреевна,Ж,+7 691 455 08 39,1973-06-22,lazar28@example.net
326,Миронова,Фаина,Константиновна,Ж,84870754703,1981-10-11,silantinekrasov@example.org
327,Боброва,Регина,Кирилловна,Ж,8 690 325 0541,1954-06-29,kuzma1995@example.com
328,Баранов,Герман,Харитонович,М,85525302508,1987-06-18,kuprijanarhipov@example.net
329,Федосеева,Акулина,Никифоровна,Ж,+78974247272,1997-01-13,zoja1994@example.org
330,Романова,Вероника,Валериевна,Ж,8 (680) 379-39-20,2001-07-10,turovgeorgi@example.net
331,Шарапов,Леон,Филимонович,М,+7 (364) 518-86-60,2003-04-05,gorbunovilja@example.com
332,Родионова,Синклитикия,Матвеевна,Ж,+7 (939) 299-61-75,1978-10-15,demidisakov@example.org
333,Суворов,Вадим,Александрович,М,+7 (654) 645-0628,1960-06-28,valentin58@example.org
334,Капустина,Мария,Николаевна,Ж,87201117653,1977-03-05,konstantin2023@example.org
335,Назаров,Парамон,Гаврилович,М,8 148 011 83 66,1974-06-23,volkovparamon@example.com
336,Федоров,Пантелеймон,Брониславович,М,+7 635 392 3039,1962-02-16,florentin1991@example.org
337,Симонов,Ефрем,Ильич,М,8 083 541 9452,1979-12-24,vkudrjashova@example.net
338,Смирнова,Нинель,Кирилловна,Ж,+7 (617) 495-2153,1964-05-16,ilariontihonov@example.com
339,Веселова,Евдокия,Викторовна,Ж,+7 179 805 6969,2001-09-14,anisimmartinov@example.net
340,Рябова,Евгения,Геннадьевна,Ж,+7 (317) 567-80-54,1987-05-20,taras_67@example.net
341,Филатова,Евдокия,Ефимовна,Ж,+7 (757) 784-2173,1979-06-05,samolovdemjan@example.net
342,Никитина,Мария,Кирилловна,Ж,8 (042) 576-23-85,1976-02-13,hohlovjulian@example.org
343,Селиверстова,Мария,Макаровна,Ж,8 552 267 1305,1982-06-06,viktorbelozerov@example.org
344,Панфилов,Соломон,Елисеевич,М,8 (671) 324-8240,1973-05-05,nikitinagap@example.com
345,Федорова,Евпраксия,Станиславовна,Ж,+7 (665) 704-82-50,1968-11-07,matve1982@example.com
346,Пестова,Виктория,Валериевна,Ж,+77860067865,2000-01-13,sofron1980@example.org
347,Наумов,Твердислав,Исидорович,М,+7 (514) 653-79-20,1974-01-05,ernest58@example.com
348,Кошелева,Лукия,Тарасовна,Ж,8 (951) 532-38-14,1978-05-23,julian_1973@example.org
349,Беспалова,Полина,Кирилловна,Ж,+76614799022,1954-05-26,strelkovaoktjabrina@example.org
350,Абрамова,Анастасия,Эльдаровна,Ж,+7 (627) 477-6735,1963-01-03,haritonmelnikov@example.net
351,Ларионова,Ия,Ильинична,Ж,+7 (104) 266-3552,1993-01-05,artemevstepan@example.com
352,Власов,Федосий,Трофимович,М,8 (802) 984-2282,2004-10-15,timofeevagafon@example.com
353,Терентьева,Алевтина,Руслановна,Ж,+7 026 568 81 66,1990-05-18,svjatoslavdanilov@example.org
354,Тарасова,Анастасия,Ивановна,Ж,8 (367) 035-4522,1959-08-19,pelageja2007@example.org
355,Носова,Ираида,Рудольфовна,Ж,8 (448) 909-55-48,1960-10-18,muhinjakov@example.com
356,Максимова,Олимпиада,Ниловна,Ж,+74846091335,1998-02-09,alekseevparfen@example.org
357,Молчанов,Аникита,Денисович,М,8 (718) 969-3485,1973-09-18,gurevparamon@example.net
358,Попова,Акулина,Львовна,Ж,+7 301 362 1329,1962-08-19,zinaida_51@example.org
359,Кулакова,Прасковья,Ивановна,Ж,+7 (057) 051-0020,1971-05-01,kulikovasinklitikija@example.net
360,Агафонова,Елена,Феликсовна,Ж,81543908846,1982-06-30,kalashnikovkliment@example.net
361,Цветкова,Маргарита,Захаровна,Ж,8 146 434 7566,1995-03-16,agap_62@example.net
362,Тарасов,Родион,Терентьевич,М,8 863 458 46 57,1987-04-05,ratibor_1983@example.net
363,Меркушева,Ирина,Станиславовна,Ж,8 531 418 1149,1998-02-24,efremsazonov@example.com
364,Данилова,Фаина,Вадимовна,Ж,+7 765 823 5080,1993-08-05,chernovemil@example.com
365,Ефремова,Надежда,Артемовна,Ж,+74446820151,1954-03-11,simonovaanna@example.com
366,Аксенова,Лора,Юрьевна,Ж,8 (782) 695-2542,1953-12-07,shestakoveduard@example.com
367,Орлова,Лукия,Вениаминовна,Ж,+7 (991) 827-6748,1956-10-05,antonovlavrenti@example.net
368,Зыков,Михаил,Феликсович,М,8 (158) 910-1493,1963-11-05,petr2021@example.com
369,Гуляева,Варвара,Мироновна,Ж,8 (317) 630-17-04,1980-10-08,ljubomir_2011@example.org
370,Мельникова,Ольга,Павловна,Ж,+7 (695) 021-2130,1997-02-11,dgushchina@example.net
371,Баранова,Валерия,Игоревна,Ж,+7 (176) 105-1524,1972-01-14,turovvadim@example.net
372,Дорофеева,Вероника,Анатольевна,Ж,+7 (080) 564-8911,2004-02-16,pankrati_1974@example.com
373,Романова,Вера,Даниловна,Ж,+79650491457,1994-02-15,egusev@example.com
374,Наумова,Алевтина,Ильинична,Ж,8 (115) 503-7643,1957-04-10,izmail1971@example.org
375,Евдокимов,Гедеон,Трифонович,М,+79120562634,1960-02-22,vladimirovandre@example.com
376,Молчанова,Синклитикия,Геннадьевна,Ж,8 921 567 20 65,2001-09-28,prokofi1995@example.org
377,Елисеева,Лукия,Эльдаровна,Ж,+7 410 020 7608,1993-03-18,ermakovtrifon@example.org
378,Наумова,Ираида,Аркадьевна,Ж,8 (656) 529-7993,1956-03-27,nadezhda69@example.com
379,Пахомова,Клавдия,Харитоновна,Ж,+7 (868) 220-9477,1994-03-04,rlarionov@example.net
380,Крылова,Синклитикия,Викторовна,Ж,8 799 890 6386,1955-04-18,vfilippov@example.net
381,Фролов,Юлий,Филатович,М,85454445119,1981-06-13,efimovizot@example.net
382,Попова,Нинель,Павловна,Ж,8 873 443 0238,1999-06-10,andreevsvjatopolk@example.org
383,Кононова,Вера,Степановна,Ж,8 594 753 36 70,1998-03-30,haritonpestov@example.net
384,Евсеева,Алевтина,Захаровна,Ж,+7 471 158 3324,1979-08-29,elena_2016@example.com
385,Костина,Агата,Эдуардовна,Ж,8 984 461 6947,1959-02-08,pankrat1973@example.com
386,Соколова,Лариса,Геннадьевна,Ж,+7 990 782 88 38,1987-10-06,viktorin18@example.com
387,Никитина,Нонна,Егоровна,Ж,87699980035,1964-12-11,qtimofeev@example.com
388,Гуляева,Ангелина,Болеславовна,Ж,+7 479 711 01 19,1959-07-24,ostapkulakov@example.net
389,Кононова,Прасковья,Ильинична,Ж,+7 641 944 1356,1993-08-13,militsa_37@example.net
390,Веселова,Алла,Альбертовна,Ж,89614928939,2002-08-08,ljubomir_60@example.net
391,Данилова,Майя,Захаровна,Ж,8 (568) 552-2701,1969-08-26,zinaida1995@example.org
392,Соболева,Ксения,Викторовна,Ж,8 296 443 2154,1982-11-21,sokrat2022@example.net
393,Савина,Элеонора,Кузьминична,Ж,8 341 558 7817,2002-01-25,eavdeev@example.net
394,Беспалов,Филимон,Евсеевич,М,8 (603) 579-32-09,1977-12-26,andron1995@example.net
395,Филиппова,Вера,Валентиновна,Ж,+7 (872) 834-52-76,2002-06-02,timofe_1971@example.org
396,Гордеев,Давыд,Арсеньевич,М,8 (164) 801-4556,1990-10-01,filippovhariton@example.org
397,Шубина,Елизавета,Геннадиевна,Ж,+7 (075) 956-4545,1966-05-19,iraida75@example.org
398,Никитина,Лариса,Дмитриевна,Ж,8 230 626 8743,1977-05-27,petr79@example.org
399,Кошелева,Анжелика,Васильевна,Ж,+7 434 905 3864,1973-06-17,ermil28@example.org
400,Колесникова,Ольга,Олеговна,Ж,8 (139) 193-8197,2000-05-24,galkinaksenija@example.org
401,Фомичев,Ираклий,Иосифович,М,8 794 118 38 65,1974-09-07,guri50@example.net
402,Ситникова,Вера,Захаровна,Ж,8 084 829 70 89,1955-06-04,lihachevajulija@example.org
403,Сысоева,Кира,Болеславовна,Ж,+7 917 603 8595,1961-03-02,sofon48@example.com
404,Калинина,Антонина,Ждановна,Ж,8 815 590 7247,1955-08-25,nikodim_82@example.org
405,Полякова,Лора,Константиновна,Ж,+7 (667) 248-6518,2000-05-02,qstrelkov@example.org
406,Горбачева,Алевтина,Анатольевна,Ж,+7 866 849 1238,1992-12-29,arkadikovalev@example.net
407,Сафонова,Прасковья,Юрьевна,Ж,+7 296 112 73 52,2006-06-04,vinogradovamvrosi@example.com
408,Бурова,Анжелика,Геннадиевна,Ж,+7 (184) 979-43-33,2004-07-05,lazar_2023@example.org
409,Якушева,Милица,Рудольфовна,Ж,+7 (117) 452-87-95,1955-07-19,efimovmartin@example.org
410,Носова,Жанна,Романовна,Ж,+7 677 153 51 20,1956-08-24,suvorovdanila@example.com
411,Сорокина,Маргарита,Вячеславовна,Ж,8 (223) 930-4719,1961-12-07,serafimkozlov@example.com
412,Попова,Олимпиада,Кирилловна,Ж,+76045278992,1957-12-08,vadimkomissarov@example.org
413,Рыбакова,Клавдия,Альбертовна,Ж,+7 (128) 050-53-38,1980-02-23,isidorova@example.com
414,Веселова,Евпраксия,Вячеславовна,Ж,8 982 518 3738,1994-08-16,narkis_1996@example.net
415,Коновалова,Евфросиния,Львовна,Ж,8 (098) 185-0243,1958-02-28,shirjaevjakov@example.com
416,Шашкова,Жанна,Борисовна,Ж,+7 (629) 801-57-16,1962-11-03,mihalovvitali@example.org
417,Юдина,Фёкла,Юльевна,Ж,+7 210 433 95 90,1962-12-06,david_52@example.net
418,Бурова,Нинель,Яковлевна,Ж,8 935 789 5904,2001-01-29,matveevstanislav@example.com
419,Сорокина,Валерия,Рубеновна,Ж,8 797 013 16 00,1983-10-15,ivanovippolit@example.com
420,Буров,Амвросий,Иларионович,М,85222907487,1985-04-18,kazakovaoktjabrina@example.net
421,Воробьева,Зинаида,Леонидовна,Ж,8 715 055 42 94,1970-12-11,apollonveselov@example.org
422,Шестакова,Маргарита,Александровна,Ж,8 (631) 374-6143,1989-03-30,akim74@example.org
423,Андреева,Пелагея,Харитоновна,Ж,8 (810) 513-6604,1963-06-23,aleksandrovasvetlana@example.net
424,Жданова,Евгения,Даниловна,Ж,+7 (827) 557-32-38,1976-10-24,baranovmakar@example.com
425,Ершова,Алевтина,Рудольфовна,Ж,8 (172) 146-82-60,1995-11-23,bogdan20@example.org
426,Шарапова,Октябрина,Александровна,Ж,+7 (904) 475-80-62,1996-01-30,arhip61@example.com
427,Титова,Валентина,Евгеньевна,Ж,+7 329 864 4241,1989-04-24,kuznetsovnikifor@example.com
428,Шарапов,Аверьян,Владиславович,М,+7 578 853 2208,1956-05-31,budimir_2004@example.org
429,Сергеева,Клавдия,Владиславовна,Ж,8 125 714 0804,1977-10-30,semenknjazev@example.net
430,Блинова,Регина,Станиславовна,Ж,8 (855) 503-99-95,1959-09-10,pmamontova@example.net
431,Егорова,Наталья,Львовна,Ж,+7 (626) 664-0181,1975-02-22,vikenti59@example.org
432,Семенова,Полина,Львовна,Ж,8 143 647 0134,1970-07-11,firspetrov@example.net
433,Галкина,Ираида,Эльдаровна,Ж,8 749 699 4835,1998-06-07,tretjakovalukija@example.org
434,Артемьева,Наталья,Тарасовна,Ж,8 (170) 904-8438,1986-05-12,boleslav92@example.com
435,Никитина,Людмила,Богдановна,Ж,+7 019 948 24 76,1964-08-02,svjatoslavzhdanov@example.org
436,Шестакова,Милица,Кузьминична,Ж,+7 (262) 747-06-95,1991-03-11,moiseevanaina@example.com
437,Кудрявцева,Ксения,Афанасьевна,Ж,82606850469,1959-02-24,bazhen_41@example.com
438,Иванов,Владимир,Фёдорович,М,+7 934 249 51 34,1954-06-30,elizaveta_2004@example.org
439,Фомичева,Людмила,Эльдаровна,Ж,84258723802,1994-05-30,epifan1997@example.com
440,Комаров,Пимен,Гурьевич,М,8 (135) 885-21-69,1980-12-16,evdokim_60@example.com
441,Ершова,Агата,Ждановна,Ж,8 (651) 702-78-20,1974-04-12,ilja1989@example.net
442,Сергеева,Маргарита,Константиновна,Ж,8 (819) 040-3687,1972-09-23,avksentibeljakov@example.org
443,Наумова,Ольга,Алексеевна,Ж,8 287 356 9103,1961-12-19,svetozar1984@example.com
444,Муравьева,Александра,Владиславовна,Ж,+7 (413) 803-91-48,1967-09-25,raisa79@example.com
445,Котова,Лукия,Юрьевна,Ж,8 (366) 819-16-57,1961-05-07,beljaevbogdan@example.org
446,Гордеева,Клавдия,Петровна,Ж,8 479 883 65 45,1988-12-22,izmail15@example.com
447,Исакова,Ангелина,Андреевна,Ж,8 727 394 5355,1973-07-31,kuzminparfen@example.net
448,Прохорова,Ксения,Владиславовна,Ж,84315278826,1981-06-14,mpestov@example.com
449,Логинова,Евдокия,Сергеевна,Ж,+7 (308) 855-6760,2003-10-27,artemevafekla@example.com
450,Кулагина,Феврония,Тимуровна,Ж,8 (332) 725-48-12,1977-09-09,milovan_1972@example.net
451,Тарасова,Октябрина,Наумовна,Ж,8 (622) 599-5250,1955-10-10,dmitri_1976@example.com
452,Козлова,Агафья,Дмитриевна,Ж,8 (270) 877-6169,2000-05-05,frolovvelimir@example.net
453,Никифорова,Нина,Ждановна,Ж,+7 134 454 60 70,2000-12-05,mihailgromov@example.com
454,Давыдова,Марфа,Игоревна,Ж,8 (562) 466-9328,1989-04-15,mamontovfoka@example.net
455,Брагина,Ирина,Григорьевна,Ж,8 059 000 78 15,1960-01-15,emuravev@example.net
456,Емельянова,Олимпиада,Юрьевна,Ж,87467990543,1963-10-03,fevronija_1978@example.org
457,Пономарева,Маргарита,Артемовна,Ж,+77096715354,1956-02-04,zosima2016@example.net
458,Фомина,Полина,Тарасовна,Ж,+7 755 905 54 07,1996-05-18,mariantitov@example.org
459,Гордеева,Елизавета,Альбертовна,Ж,+7 122 978 7572,1974-02-18,orlovosip@example.org
460,Шашков,Платон,Федосьевич,М,8 062 779 2365,1994-09-22,ereme_32@example.org
461,Исакова,Варвара,Вадимовна,Ж,8 (110) 858-13-04,1970-07-14,anisimovaaleksandra@example.org
462,Самсонова,Марфа,Владимировна,Ж,+71014771989,1982-04-07,ustin46@example.com
463,Королева,Майя,Кузьминична,Ж,8 079 979 61 43,1999-05-16,foka91@example.net
464,Борисова,Эмилия,Эдуардовна,Ж,+7 (179) 606-13-97,1985-03-27,rogovprohor@example.com
465,Овчинников,Трофим,Гертрудович,М,+71441339245,1979-06-30,ershovfedot@example.com
466,Рябов,Аггей,Ермолаевич,М,8 578 922 75 55,1989-04-28,moiseevamvrosi@example.com
467,Муравьева,Иванна,Натановна,Ж,8 (512) 823-76-59,1982-10-01,vlas2023@example.com
468,Рогова,Ангелина,Ефимовна,Ж,8 223 199 70 27,1953-11-23,nosovpotap@example.com
469,Дементьева,Валентина,Петровна,Ж,8 022 917 9981,1997-04-12,fedorrodionov@example.com
470,Кононова,Антонина,Архиповна,Ж,8 (637) 169-57-73,1954-02-09,panovnikanor@example.org
471,Логинов,Галактион,Ильич,М,8 (311) 135-20-98,1970-11-09,bogdanovalidija@example.org
472,Копылова,Валентина,Филипповна,Ж,8 (259) 718-00-78,1996-12-04,sila99@example.net
473,Терентьева,Регина,Альбертовна,Ж,8 229 357 1266,1971-08-19,julian72@example.com
474,Евсеева,Надежда,Евгеньевна,Ж,+7 (990) 223-8107,1956-11-27,evfrosinija_1993@example.com
475,Сафонова,Дарья,Ивановна,Ж,+7 (606) 462-3198,1997-06-12,irakli_1970@example.net
476,Абрамова,Марфа,Ивановна,Ж,8 (529) 400-21-31,1972-03-04,semen_99@example.org
477,Селезнева,Анжелика,Михайловна,Ж,8 976 577 29 91,1980-09-25,tvorimir_1973@example.net
478,Лебедева,Клавдия,Архиповна,Ж,+7 692 942 9660,1982-07-08,simonovignati@example.org
479,Фокина,Раиса,Юльевна,Ж,+7 (939) 070-67-43,1981-08-10,blohinnatan@example.com
480,Брагина,Ангелина,Тарасовна,Ж,+73066230636,2005-11-19,kir1982@example.org
481,Одинцова,Татьяна,Александровна,Ж,+7 728 786 88 44,1958-09-19,sharapovaantonina@example.com
482,Кулагина,Прасковья,Станиславовна,Ж,8 307 028 6485,1964-09-29,azarirodionov@example.net
483,Дмитриева,Елизавета,Тимуровна,Ж,+7 (741) 735-36-21,1998-12-26,gerasimovagafon@example.net
484,Ширяев,Сильвестр,Тихонович,М,+79145778462,1993-03-10,gorshkovazinaida@example.com
485,Кондратьева,Милица,Егоровна,Ж,8 429 899 4420,1960-06-13,tretjakovairaida@example.org
486,Афанасьева,Наина,Оскаровна,Ж,81819954002,1997-03-31,efim_11@example.org
487,Бобылева,Дарья,Кирилловна,Ж,8 023 098 7980,2002-11-11,nikifor2016@example.org
488,Яковлев,Радислав,Августович,М,8 703 142 0852,1959-12-01,amvrosidorofeev@example.com
489,Сафонова,Анжелика,Евгеньевна,Ж,+7 (967) 880-9556,1991-08-31,pborisova@example.org
490,Лыткина,Надежда,Рубеновна,Ж,8 526 021 3392,1979-07-28,dbelova@example.com
491,Боброва,Милица,Макаровна,Ж,8 (332) 725-79-57,1989-07-27,evstigne2001@example.com
492,Попов,Гедеон,Гордеевич,М,+7 (386) 721-82-08,1979-05-20,chernovboris@example.com
493,Громова,Ия,Болеславовна,Ж,8 (651) 538-2459,1991-11-18,ladimir_80@example.net
494,Беспалов,Лаврентий,Аверьянович,М,8 (684) 106-22-20,1975-06-29,dkrilova@example.org
495,Колесникова,Вера,Степановна,Ж,+7 (161) 973-4850,1997-02-28,panfilovavasilisa@example.com
496,Петрова,Алевтина,Ивановна,Ж,85346128127,1978-02-18,solovevevse@example.net
497,Дьячкова,Василиса,Николаевна,Ж,+72683952572,1980-12-02,ninel61@example.net
498,Аксенов,Савватий,Харлампович,М,83840516033,1980-05-13,ivanovavera@example.net
499,Абрамова,Ия,Артемовна,Ж,8 (199) 598-72-07,1989-01-31,andreevkazimir@example.org
500,Волкова,Любовь,Алексеевна,Ж,+7 (854) 690-9419,1999-03-16,jakub_1975@example.net
501,Наумова,Евфросиния,Владиславовна,Ж,+7 (766) 277-6601,1968-08-31,andre1972@example.org
502,Морозова,Ульяна,Викторовна,Ж,8 836 233 17 04,1994-01-16,martin_53@example.org
503,Турова,Октябрина,Захаровна,Ж,+7 (676) 293-4388,1987-12-03,parfen40@example.org
504,Турова,Тамара,Вениаминовна,Ж,+7 386 369 07 79,1961-05-07,marfa_80@example.com
505,Волкова,Елизавета,Леонидовна,Ж,87958972618,1960-02-17,marian1991@example.net
506,Котова,Наталья,Олеговна,Ж,8 (495) 311-08-00,1971-08-01,zhukovtrofim@example.com
507,Силина,Майя,Альбертовна,Ж,8 (426) 140-41-51,1961-11-29,samuilarhipov@example.net
508,Кудряшова,Пелагея,Тимуровна,Ж,+7 (928) 812-32-35,1989-09-17,kapiton1996@example.org
509,Боброва,Ольга,Натановна,Ж,+7 538 676 0528,2000-11-05,vkrjukova@example.org
510,Якушева,Дарья,Афанасьевна,Ж,+7 974 365 53 77,1972-08-11,eosipov@example.net
511,Анисимова,Ирина,Алексеевна,Ж,80966343467,1969-01-26,vborisov@example.org
512,Дорофеева,Регина,Феликсовна,Ж,+7 451 462 48 91,1987-11-30,moisenosov@example.org
513,Третьякова,Александра,Геннадиевна,Ж,+7 224 304 52 12,1969-02-04,jakov_1970@example.net
514,Вишнякова,Юлия,Вениаминовна,Ж,+7 (932) 494-0196,1974-08-07,anani1984@example.net
515,Шубина,Клавдия,Семеновна,Ж,8 (340) 846-17-77,1986-03-02,moiseevazinaida@example.net
516,Вишняков,Ульян,Ануфриевич,М,8 693 365 2134,1960-04-23,valerjanaksenov@example.org
517,Артемьева,Алевтина,Никифоровна,Ж,8 (780) 046-39-32,2006-03-29,viktorin_36@example.net
518,Сергеева,Надежда,Олеговна,Ж,8 205 835 9168,1954-09-11,sharapovvissarion@example.com
519,Федотова,Эмилия,Васильевна,Ж,+7 019 381 4333,1965-07-28,marina1986@example.com
520,Соколова,Олимпиада,Тимофеевна,Ж,85217600569,1978-02-11,shashkovisa@example.org
521,Доронина,Раиса,Леоновна,Ж,+78206890668,1982-03-21,hristofor2018@example.com
522,Щербакова,Прасковья,Аскольдовна,Ж,+7 (661) 557-80-46,1986-01-30,serafimzimin@example.org
523,Фокина,Тамара,Тимуровна,Ж,+7 429 105 9099,1982-05-27,dobroslavalekseev@example.net
524,Никифорова,Елена,Константиновна,Ж,84367828708,1969-03-06,erast1977@example.com
525,Коновалова,Нонна,Тимуровна,Ж,8 379 163 80 98,1999-04-09,hribakova@example.com
526,Фомина,Нина,Богдановна,Ж,8 013 089 3078,1991-01-11,hkudrjavtseva@example.org
527,Новикова,Мария,Рубеновна,Ж,8 (635) 666-63-52,2003-12-27,taisija_1989@example.org
528,Богданова,Лидия,Даниловна,Ж,+7 525 070 4045,1960-05-13,volkovaristarh@example.com
529,Агафонова,Жанна,Федоровна,Ж,+7 (719) 007-00-62,1963-09-24,golubevipat@example.com
530,Воронова,Наталья,Геннадьевна,Ж,+73843970048,1954-07-27,vkornilova@example.net
531,Мамонтова,Елена,Никифоровна,Ж,+7 (439) 719-8216,2005-04-04,konovalovaklavdija@example.net
532,Гусева,Зинаида,Феликсовна,Ж,8 (560) 998-25-10,2000-12-08,evseevevse@example.org
533,Медведева,Нинель,Геннадьевна,Ж,8 786 709 08 99,1967-07-29,silvestrnazarov@example.org
534,Артемьев,Аполлон,Федотович,М,+70037712265,2006-05-31,smirnovanisim@example.org
535,Ситникова,Майя,Кузьминична,Ж,+7 (017) 051-9642,1967-10-21,nikonovatatjana@example.net
536,Носова,Глафира,Кузьминична,Ж,88581811369,1971-03-24,svetozar78@example.org
537,Павлова,Синклитикия,Александровна,Ж,+7 (883) 645-9734,1975-09-29,martinkirillov@example.org
538,Филатова,Любовь,Рубеновна,Ж,87018078905,1976-10-07,ibeljakov@example.com
539,Блинов,Филимон,Владиславович,М,+7 186 646 0248,1995-03-22,mihalovfilipp@example.net
540,Фролова,Лора,Андреевна,Ж,+7 (755) 384-34-78,2000-01-31,turovrjurik@example.com
541,Шубина,Прасковья,Руслановна,Ж,8 (004) 354-98-97,1982-01-05,feliks_77@example.org
542,Ситникова,Любовь,Леоновна,Ж,+7 (418) 460-2473,1956-11-10,serafim_1984@example.net
543,Калашников,Эрнст,Анатольевич,М,+7 526 771 71 82,1995-02-17,petrovcheslav@example.net
544,Сергеева,Раиса,Рудольфовна,Ж,8 (395) 957-6300,1969-02-20,medvedevazinaida@example.com
545,Орлова,Ульяна,Матвеевна,Ж,80913810306,1998-04-19,rostislav07@example.com
546,Турова,Антонина,Альбертовна,Ж,8 332 195 69 41,2003-04-21,sorokinazari@example.org
547,Кононова,Анжелика,Наумовна,Ж,+7 (053) 483-07-77,1985-11-10,osip2013@example.net
548,Лукина,Синклитикия,Георгиевна,Ж,+7 (640) 395-68-96,1983-12-12,milovan13@example.org
549,Гущина,Агата,Петровна,Ж,8 (094) 808-90-83,1959-02-06,filipp_1975@example.org
550,Комарова,Марфа,Альбертовна,Ж,+7 344 854 6248,1954-10-03,velimir_1985@example.com
551,Колобов,Савватий,Аверьянович,М,+7 (084) 385-7878,1980-04-10,ustin_19@example.org
552,Лукина,Акулина,Дмитриевна,Ж,8 (967) 120-5729,1955-10-03,gromovasvetlana@example.com
553,Кондратьев,Евстигней,Давидович,М,+7 (777) 018-2176,1988-10-14,nesterovnikola@example.net
554,Субботина,Галина,Юльевна,Ж,8 (350) 047-73-83,1961-03-18,kondrat_20@example.net
555,Громова,Ольга,Филипповна,Ж,88642654741,1957-11-15,arhip42@example.com
556,Ефремов,Захар,Тарасович,М,+7 (299) 399-8255,1972-11-28,sokolovlazar@example.com
557,Лаврентьева,Милица,Сергеевна,Ж,8 222 949 96 11,1986-08-23,gerasim2012@example.com
558,Шарапова,Екатерина,Васильевна,Ж,8 774 469 82 33,1958-11-30,jakubemeljanov@example.net
559,Лазарева,Мария,Юльевна,Ж,+7 (687) 458-75-90,1972-06-07,prohorershov@example.net
560,Лыткина,Алина,Павловна,Ж,8 980 976 8286,1963-09-27,izot_43@example.org
561,Гущина,Александра,Феликсовна,Ж,83217733291,1977-03-28,lukjanrozhkov@example.com
562,Хохлова,Елизавета,Викторовна,Ж,+74245435501,1973-08-27,upoljakov@example.com
563,Белова,Елена,Валериевна,Ж,+7 153 015 83 40,1991-08-20,fselezneva@example.org
564,Семенова,Лариса,Яковлевна,Ж,8 047 976 06 26,1958-03-26,veselovsila@example.net
565,Никитина,Евгения,Тарасовна,Ж,8 (404) 353-0802,2005-12-14,qkuzmin@example.org
566,Журавлева,Фаина,Георгиевна,Ж,+74254716585,1983-10-25,mili_89@example.com
567,Костина,Мария,Макаровна,Ж,+7 614 035 3481,1973-03-30,nonna_2019@example.org
568,Зуева,София,Ждановна,Ж,82342010327,1954-11-10,oleg_23@example.org
569,Меркушева,Элеонора,Владимировна,Ж,8 714 586 5816,1999-07-17,bazhen1978@example.com
570,Алексеева,Нинель,Даниловна,Ж,+7 (941) 832-14-20,1956-03-19,kulaginostromir@example.org
571,Зиновьева,Лора,Романовна,Ж,+75939256057,2002-09-16,anikita1976@example.net
572,Гущин,Всеволод,Фролович,М,8 885 575 22 90,1972-05-15,pahom_1983@example.net
573,Беляков,Валерьян,Арсеньевич,М,8 (927) 059-4732,1979-09-30,jlihacheva@example.net
574,Михайлова,Светлана,Валентиновна,Ж,+7 (433) 931-6356,1955-09-21,rjabovoleg@example.org
575,Воробьева,Елизавета,Болеславовна,Ж,+78343225934,1977-05-23,anikitaershov@example.net
576,Шарова,Элеонора,Алексеевна,Ж,+7 (301) 415-63-29,1993-04-20,gleb_2011@example.com
577,Брагина,Любовь,Геннадиевна,Ж,8 365 326 18 57,1957-07-18,muravevhristofor@example.net
578,Селиверстова,Людмила,Викторовна,Ж,+7 106 340 0222,1996-02-17,erofeblohin@example.com
579,Муравьева,Александра,Григорьевна,Ж,+7 459 100 17 90,2003-08-20,kuzma1977@example.net
580,Стрелкова,Анжелика,Артемовна,Ж,8 (407) 122-9241,1973-02-15,iraklisidorov@example.com
581,Дьячкова,Марина,Николаевна,Ж,8 (841) 332-48-89,1959-06-01,evdokimovkim@example.com
582,Тимофеева,Анна,Болеславовна,Ж,+7 248 557 9130,2003-10-25,nina2007@example.net
583,Некрасова,Татьяна,Михайловна,Ж,8 (946) 697-9583,1967-07-18,vladislav_2008@example.net
584,Максимова,Нинель,Львовна,Ж,+7 (342) 638-49-26,1972-10-14,glafira2005@example.com
585,Суворова,Кира,Андреевна,Ж,+7 (096) 991-4254,1974-03-30,kopilovsilanti@example.com
586,Меркушева,Раиса,Филипповна,Ж,8 (546) 111-9782,1999-10-01,efrem2018@example.net
587,Пахомова,Нина,Львовна,Ж,8 314 823 88 49,1959-02-16,boleslav75@example.com
588,Белоусова,Марина,Романовна,Ж,8 391 254 4494,1973-12-08,ekabanova@example.net
589,Захарова,Прасковья,Филипповна,Ж,80896394757,1958-01-17,askold_80@example.net
590,Федотова,Фёкла,Юльевна,Ж,8 940 077 0580,1995-04-24,ljubomir97@example.net
591,Игнатьева,Галина,Кузьминична,Ж,8 (709) 777-16-64,1966-07-25,gedeon_57@example.net
592,Кудрявцева,Валентина,Рубеновна,Ж,8 966 063 73 25,2004-08-29,akulina_1981@example.net
593,Шашкова,Тамара,Александровна,Ж,80200727198,1978-05-06,sisoevmili@example.com
594,Маркова,Татьяна,Мироновна,Ж,87528806594,1977-05-02,slobanov@example.com
595,Романова,Таисия,Геннадиевна,Ж,8 860 753 23 72,1961-11-22,lkirillov@example.org
596,Кулакова,Елизавета,Тимуровна,Ж,81962247869,1970-08-05,solomon_1987@example.com
597,Беляев,Сергей,Федосеевич,М,+75148478315,1958-04-30,shirjaevaljubov@example.org
598,Власова,Маргарита,Болеславовна,Ж,+7 (205) 515-4934,1962-11-17,leon_1981@example.net
599,Яковлева,Елена,Руслановна,Ж,8 938 444 98 11,2003-08-22,golubevapolina@example.org
600,Уварова,Акулина,Владимировна,Ж,+7 (560) 927-93-49,1984-05-25,leonid2014@example.org
601,Шилова,Октябрина,Вениаминовна,Ж,8 231 295 9094,1961-05-19,efrem_22@example.org
602,Ермаков,Влас,Егорович,М,+7 723 163 2019,1961-03-06,moke_2004@example.com
603,Орехов,Станимир,Ильич,М,8 594 616 6394,1996-09-26,efimovaangelina@example.org
604,Белозерова,Анастасия,Георгиевна,Ж,8 756 823 8626,1976-05-12,ermakovpetr@example.org
605,Соболева,Лариса,Афанасьевна,Ж,+7 578 407 9224,1981-01-17,kim_66@example.com
606,Панфилова,Нинель,Максимовна,Ж,8 (853) 275-47-67,1977-07-29,radislavtsvetkov@example.net
607,Корнилов,Давыд,Евстигнеевич,М,8 436 985 3187,2003-03-30,apollon07@example.net
608,Жданова,Наталья,Кузьминична,Ж,8 (777) 158-4209,2004-02-11,vadim1997@example.net
609,Воронова,Анна,Вадимовна,Ж,81152256771,1984-12-02,kirillovparfen@example.org
610,Сазонов,Илья,Чеславович,М,+7 730 891 9928,1971-06-21,guljaevcheslav@example.net
611,Мухина,Зоя,Николаевна,Ж,+7 (624) 020-0335,1988-01-27,gerasimovkirill@example.com
612,Симонова,Екатерина,Геннадиевна,Ж,+7 (109) 446-52-84,1971-04-06,gremislav_75@example.net
613,Белоусова,Анастасия,Олеговна,Ж,8 163 338 3847,1973-04-07,margarita_54@example.net
614,Романова,Олимпиада,Юльевна,Ж,8 548 762 22 71,1998-11-28,mark2000@example.org
615,Силин,Флорентин,Витальевич,М,+7 (575) 079-44-17,1956-02-07,petuhovaaleksandra@example.net
616,Носков,Никифор,Феликсович,М,82067214193,1955-12-16,odintsovamarija@example.org
617,Назаров,Зиновий,Викторович,М,8 (203) 776-74-54,1962-04-25,aristarh1988@example.org
618,Жукова,Майя,Андреевна,Ж,8 366 174 46 06,1956-10-12,apollinari_41@example.org
619,Русакова,Тамара,Вячеславовна,Ж,8 (649) 898-11-71,1966-08-15,miron1996@example.net
620,Ершова,Раиса,Ильинична,Ж,+70054259377,1983-12-30,minabespalov@example.com
621,Павлов,Максим,Эдуардович,М,8 (374) 395-8472,1995-04-02,ladislavsuhanov@example.org
622,Русакова,Жанна,Вячеславовна,Ж,+74088865949,1961-01-05,zhanna32@example.com
623,Волкова,Зоя,Павловна,Ж,+7 830 610 2419,1953-08-09,parfen_42@example.net
624,Соболев,Борис,Ильич,М,+7 (318) 940-53-01,2006-04-07,demjanpoljakov@example.org
625,Хохлова,Милица,Александровна,Ж,+7 (635) 686-0820,1964-03-06,koloboverast@example.net
626,Антонова,Регина,Леоновна,Ж,84050082232,1997-07-17,akim56@example.net
627,Субботина,Валентина,Георгиевна,Ж,+7 (692) 057-76-96,1984-12-25,svetozarsimonov@example.com
628,Логинов,Доброслав,Венедиктович,М,8 901 552 1074,1958-10-18,bobilevjanuari@example.com
629,Григорьев,Ипполит,Тарасович,М,83965116589,1966-04-08,fedosinikitin@example.org
630,Потапов,Изот,Арсенович,М,+75878177766,1963-12-31,borisovtvorimir@example.net
631,Антонова,Алевтина,Эльдаровна,Ж,+7 197 591 9993,1981-08-26,afanasevzahar@example.net
632,Кондратьева,Полина,Филипповна,Ж,8 806 998 95 01,1960-10-01,fedosi03@example.net
633,Якушева,Агата,Феликсовна,Ж,8 (989) 095-39-64,1961-10-29,lobanovprov@example.com
634,Родионова,Ангелина,Мироновна,Ж,8 (845) 462-6308,2004-12-06,ziminvsemil@example.com
635,Авдеева,Пелагея,Анатольевна,Ж,80336240933,2000-07-16,filipplitkin@example.com
636,Федотова,Тамара,Вячеславовна,Ж,+7 (826) 392-12-68,1986-01-18,krasilnikovbojan@example.org
637,Комиссарова,Ия,Архиповна,Ж,+74046292809,1997-04-29,azinovev@example.com
638,Максимова,Раиса,Ивановна,Ж,+78294486383,1961-03-03,olimpiada_22@example.net
639,Носкова,Агафья,Геннадьевна,Ж,8 333 715 9417,1954-06-12,loginovvsevolod@example.org
640,Калашников,Матвей,Архипович,М,+7 928 676 3981,1990-12-02,lobanovazoja@example.com
641,Боброва,Лукия,Викторовна,Ж,+7 788 061 6853,1972-11-10,bronislav68@example.com
642,Лебедева,Элеонора,Натановна,Ж,+7 481 780 5511,1989-08-05,pnoskova@example.com
643,Потапова,Анжела,Георгиевна,Ж,+7 613 196 84 78,1962-11-03,nikiforosipov@example.org
644,Щербакова,Регина,Ильинична,Ж,8 (678) 031-6873,1988-05-08,bespalovapollinari@example.com
645,Голубева,Анжела,Антоновна,Ж,+7 551 492 10 58,1958-07-11,lukija_1997@example.net
646,Казакова,Татьяна,Олеговна,Ж,+7 (305) 762-5124,1968-11-01,sofron1985@example.com
647,Чернова,Ираида,Михайловна,Ж,+7 (546) 122-4402,1995-01-22,sergeshilov@example.org
648,Анисимова,Лора,Геннадьевна,Ж,+7 925 458 7904,1961-01-09,ponomarevavarvara@example.net
649,Матвеева,Евпраксия,Болеславовна,Ж,+7 (160) 871-7891,1990-11-25,vinogradovaivanna@example.com
650,Панов,Венедикт,Ермилович,М,+7 (480) 418-4441,1965-02-18,afinogenmironov@example.com
651,Тимофеева,Татьяна,Ефимовна,Ж,+7 (129) 478-68-19,1964-05-18,konovalovspiridon@example.net
652,Харитонова,Эмилия,Павловна,Ж,+7 602 740 08 88,1996-08-06,bzhdanov@example.com
653,Кондратьева,Марфа,Владиславовна,Ж,+77521271585,1966-10-12,ilinplaton@example.net
654,Ларионов,Евсей,Тарасович,М,8 734 469 78 18,1960-05-27,safonovmatve@example.net
655,Голубев,Селиверст,Власович,М,8 075 643 15 52,1972-09-05,seliverst_20@example.org
656,Блохина,Элеонора,Владиславовна,Ж,8 519 559 2434,1977-04-02,drozdovlavrenti@example.com
657,Галкина,Екатерина,Леоновна,Ж,+78229905729,1986-04-07,uvarovisa@example.com
658,Григорьева,Акулина,Александровна,Ж,+75700095376,1976-05-04,evgrafvladimirov@example.net
659,Турова,Октябрина,Леонидовна,Ж,+78014592559,1962-08-13,alevtina2007@example.com
660,Прохорова,Эмилия,Олеговна,Ж,+7 061 789 9565,2005-05-05,fekla_1995@example.com
661,Артемьева,Феврония,Максимовна,Ж,8 726 451 53 47,1972-02-03,subbotindemjan@example.net
662,Данилова,Анжела,Кузьминична,Ж,85951207061,1988-09-08,ivan1995@example.org
663,Силина,София,Юльевна,Ж,8 (712) 471-72-09,2002-10-18,arseni27@example.org
664,Блохин,Владислав,Тимурович,М,+7 738 239 3980,1984-02-24,baranovavalerija@example.net
665,Жукова,Светлана,Аскольдовна,Ж,8 (557) 358-45-30,1980-02-16,vmihalova@example.net
666,Соколова,Милица,Владиславовна,Ж,+7 (765) 777-80-16,1995-11-23,panfilovantonin@example.net
667,Симонов,Назар,Даниилович,М,8 448 638 2700,2004-04-10,feliks1978@example.net
668,Шарапов,Порфирий,Гертрудович,М,+77624132424,2003-01-25,vfedotova@example.com
669,Беспалова,Тамара,Святославовна,Ж,8 (939) 364-7937,1996-10-05,shcherbakovvarlaam@example.com
670,Лаврентьева,Ксения,Матвеевна,Ж,+7 428 436 78 91,2003-09-29,matveevgrigori@example.org
671,Кошелева,Регина,Юльевна,Ж,8 (130) 503-2779,1996-03-10,artemilebedev@example.com
672,Зыкова,Лариса,Петровна,Ж,8 (085) 930-8676,1981-07-15,radim_2018@example.org
673,Громова,Лукия,Львовна,Ж,8 (852) 689-98-84,2002-08-02,poljakovapolina@example.net
674,Крылова,Евпраксия,Валериевна,Ж,8 948 775 1682,1994-12-21,antoninmatveev@example.com
675,Комарова,Наина,Матвеевна,Ж,8 (464) 700-1511,1991-12-12,markpopov@example.net
676,Соловьева,Валентина,Станиславовна,Ж,+7 (995) 151-68-54,1969-08-20,rogovkonon@example.org
677,Савина,Людмила,Наумовна,Ж,8 (254) 786-24-69,1976-06-04,anna79@example.com
678,Гордеева,Анна,Борисовна,Ж,8 420 046 00 79,1957-07-27,naumovvisheslav@example.com
679,Васильева,Евгения,Ефимовна,Ж,8 (919) 822-9385,1972-09-18,ignatevhristofor@example.net
680,Иванова,Нинель,Станиславовна,Ж,8 (017) 804-2593,1961-02-27,radimturov@example.net
681,Белякова,Вероника,Мироновна,Ж,8 (034) 822-10-44,2002-02-13,krilovvikenti@example.net
682,Рыбакова,Василиса,Андреевна,Ж,8 (192) 968-9404,1968-09-28,vjacheslav_2022@example.net
683,Горшков,Ипполит,Вилорович,М,+76962246075,1967-11-26,evdokimovanike@example.net
684,Щукина,Глафира,Кузьминична,Ж,88997061025,1971-09-12,sokolovvsemil@example.net
685,Григорьева,Майя,Ильинична,Ж,+7 (386) 109-0200,1957-12-09,marija_31@example.net
686,Князева,Алла,Федоровна,Ж,8 (560) 370-46-29,1980-04-17,azari_24@example.org
687,Зимин,Каллистрат,Ермолаевич,М,+7 (777) 735-42-46,1958-10-10,ljubosmisl16@example.net
688,Быков,Ипат,Всеволодович,М,+7 (711) 766-15-66,1958-09-18,vorobevstanislav@example.org
689,Никонова,Оксана,Рудольфовна,Ж,+7 (320) 091-20-64,1967-01-02,viktorin_1981@example.com
690,Мартынова,Полина,Валериевна,Ж,8 (761) 020-0073,1975-10-10,konstantinovmarian@example.org
691,Баранова,Маргарита,Аркадьевна,Ж,+7 (881) 950-73-03,2002-03-12,fguljaev@example.net
692,Белозерова,Клавдия,Тимуровна,Ж,+7 063 336 0765,1964-04-03,enikolaev@example.org
693,Стрелкова,Евдокия,Ниловна,Ж,+7 640 858 20 66,1985-02-16,evdokim1984@example.net
694,Калинина,Валентина,Тарасовна,Ж,+76371349132,1973-06-08,martinovevgeni@example.org
695,Борисова,Олимпиада,Дмитриевна,Ж,+7 (380) 739-39-46,1977-07-19,bolshakovalarisa@example.org
696,Капустина,Надежда,Сергеевна,Ж,8 536 929 68 31,1963-12-27,erast34@example.com
697,Кошелев,Эраст,Харлампьевич,М,+76177533392,1954-03-02,osipgurev@example.org
698,Панфилова,Ангелина,Харитоновна,Ж,+76055150610,2002-04-09,filippovaverki@example.org
699,Ширяева,Василиса,Степановна,Ж,+75339845714,1980-01-21,eliseevvisheslav@example.net
700,Большакова,Галина,Ефимовна,Ж,+7 885 474 6265,1991-09-11,mir_2022@example.com
701,Фомичева,Лариса,Владимировна,Ж,+7 (684) 699-5366,1994-02-25,ladislavkostin@example.net
702,Журавлева,Прасковья,Геннадиевна,Ж,+7 (786) 961-81-26,2004-04-23,ignatevisidor@example.org
703,Селиверстова,Лариса,Даниловна,Ж,8 440 853 38 29,1975-12-18,kotovgleb@example.org
704,Осипова,Василиса,Геннадьевна,Ж,88454387868,1986-04-02,vitalifedoseev@example.net
705,Карпова,Дарья,Леоновна,Ж,80912684317,1970-02-19,kolobovaevgenija@example.net
706,Никитина,Виктория,Семеновна,Ж,+72753443676,1968-03-03,foti_1972@example.net
707,Гаврилова,Надежда,Владиславовна,Ж,8 826 952 5894,1972-11-25,vadim2001@example.net
708,Русакова,Оксана,Никифоровна,Ж,+7 (020) 236-51-44,1968-03-31,avgustshashkov@example.org
709,Силина,Наталья,Игоревна,Ж,+7 (146) 689-49-42,1984-07-10,ljubim_2008@example.com
710,Герасимова,Феврония,Мироновна,Ж,+7 790 294 87 60,2003-06-21,nikolaevaevdokija@example.com
711,Крылов,Бажен,Алексеевич,М,8 (518) 360-05-66,1955-08-09,osokolov@example.net
712,Костина,Лора,Вадимовна,Ж,+7 115 646 82 74,1958-12-30,leon_16@example.org
713,Калинин,Болеслав,Фокич,М,8 (512) 586-4773,1955-11-21,pavlovmilovan@example.com
714,Федотова,Ия,Болеславовна,Ж,82116173592,1978-01-18,rjurik_2011@example.org
715,Киселева,Виктория,Яковлевна,Ж,+7 (752) 593-7251,1994-04-11,jakovlevbojan@example.org
716,Кабанова,Майя,Ефимовна,Ж,+7 (986) 922-4688,1962-07-25,lazarevladimir@example.org
717,Дорофеева,Элеонора,Георгиевна,Ж,86101657598,1977-06-23,dobromisl_2008@example.com
718,Владимирова,Вероника,Руслановна,Ж,+7 842 035 5236,1969-01-23,odrozdova@example.org
719,Кудряшова,Наина,Егоровна,Ж,8 844 406 3639,1986-10-04,antonina70@example.net
720,Осипов,Александр,Богданович,М,8 992 709 19 83,1980-01-25,serge94@example.net
721,Суворова,Наина,Рудольфовна,Ж,89053149516,1979-02-19,kondrati_05@example.net
722,Козлова,Феврония,Петровна,Ж,8 (710) 733-0475,1957-10-18,krilovratibor@example.com
723,Кошелева,Любовь,Антоновна,Ж,81650043921,1992-07-29,gromovaviktorija@example.org
724,Корнилова,Агата,Андреевна,Ж,+7 246 523 3391,1992-05-05,ignatisuvorov@example.net
725,Котова,Лидия,Никифоровна,Ж,8 159 338 6036,1968-04-13,zhukovavalentina@example.com
726,Титова,Елизавета,Геннадиевна,Ж,80591741732,1989-11-14,haleksandrova@example.net
727,Воробьева,София,Рудольфовна,Ж,8 244 039 99 67,1962-04-25,apollinari1995@example.net
728,Борисов,Александр,Ярославович,М,+7 (148) 881-4986,1973-04-12,filaret14@example.com
729,Денисова,Екатерина,Ниловна,Ж,+73786004757,1977-04-18,ladislav1982@example.net
730,Егорова,Любовь,Геннадьевна,Ж,8 276 403 87 40,2003-03-24,borisovsimon@example.com
731,Громова,Майя,Альбертовна,Ж,8 (498) 419-5758,1996-08-01,rogovsvjatoslav@example.com
732,Цветкова,Зоя,Леоновна,Ж,8 (528) 693-13-77,1998-10-25,maksimiljan56@example.org
733,Лапина,Валентина,Павловна,Ж,8 388 736 8071,1990-11-12,evstignemedvedev@example.org
734,Воронова,Вероника,Олеговна,Ж,88047941118,1990-06-07,isakovaevpraksija@example.org
735,Козлов,Мстислав,Феофанович,М,+7 (796) 551-27-34,1971-07-08,haritonovapollon@example.net
736,Кошелева,Оксана,Александровна,Ж,8 797 956 6396,1995-06-25,elizarkulakov@example.net
737,Исакова,Ангелина,Архиповна,Ж,8 475 890 87 83,2004-06-07,svjatoslav_2007@example.com
738,Ершова,Елизавета,Викторовна,Ж,8 020 848 69 45,1997-09-06,poljakovaoktjabrina@example.net
739,Павлова,Нинель,Дмитриевна,Ж,8 (139) 164-97-00,1997-11-09,kapiton2009@example.com
740,Елисеева,Мария,Викторовна,Ж,+7 533 505 3475,2003-07-20,platon57@example.net
741,Суханова,Иванна,Рубеновна,Ж,8 (755) 296-41-39,1965-04-14,ninel_2014@example.com
742,Блинова,Евдокия,Кузьминична,Ж,+7 995 625 9487,2001-01-14,oktjabrina45@example.net
743,Сазонова,Зинаида,Анатольевна,Ж,+7 531 252 0615,1996-11-01,filatovpetr@example.com
744,Копылова,Татьяна,Ивановна,Ж,8 530 211 97 72,1987-01-28,spiridon70@example.com
745,Филиппова,Евпраксия,Вячеславовна,Ж,80533989936,1961-06-20,vishnjakovaanzhelika@example.net
746,Щербакова,Галина,Ниловна,Ж,+7 353 886 77 80,1957-02-25,orehovigor@example.com
747,Колобова,Полина,Яковлевна,Ж,+7 (013) 089-24-96,1999-03-29,konondanilov@example.com
748,Кузьмина,Нонна,Евгеньевна,Ж,+7 113 823 2157,1989-08-24,ekaterina_1971@example.com
749,Комарова,Фёкла,Кузьминична,Ж,82514319135,1978-09-07,vera_2005@example.net
750,Шаров,Самсон,Гурьевич,М,8 310 895 9186,2002-04-16,matveevnarkis@example.net
751,Самсонова,Тамара,Богдановна,Ж,+7 610 431 40 16,1977-02-07,shilovamaja@example.org
752,Князева,Элеонора,Наумовна,Ж,8 183 566 1302,1970-11-15,ziminaalevtina@example.net
753,Тетерина,Лора,Васильевна,Ж,+7 (025) 491-1840,1976-03-23,kornil71@example.net
754,Некрасов,Авдей,Васильевич,М,+7 517 503 47 99,1954-03-08,yprohorov@example.net
755,Никифорова,Лидия,Даниловна,Ж,+7 413 961 36 59,1973-06-15,olimpi_2002@example.net
756,Ларионова,Лора,Матвеевна,Ж,8 604 601 03 19,1962-07-24,uzatsev@example.org
757,Орехова,Алевтина,Афанасьевна,Ж,86078569009,1980-10-26,baranovtrifon@example.com
758,Мамонтова,Василиса,Валентиновна,Ж,8 (695) 856-5687,1953-06-11,nikodim_46@example.net
759,Зуев,Филимон,Иосипович,М,8 181 931 0224,1968-11-10,jan2024@example.org
760,Субботина,Виктория,Владиславовна,Ж,+7 (408) 433-2238,1959-05-10,karpoverast@example.net
761,Журавлева,Майя,Алексеевна,Ж,+7 (442) 383-27-54,1982-07-02,zinovevbronislav@example.net
762,Зуева,Зоя,Леоновна,Ж,8 (697) 178-03-61,1993-07-05,gleb_1995@example.net
763,Федосеев,Ладимир,Владиславович,М,8 055 523 48 55,1977-05-19,vsevolodlapin@example.net
764,Зимина,Таисия,Антоновна,Ж,8 886 522 9708,1995-02-03,ermil1986@example.com
765,Исакова,Дарья,Леоновна,Ж,87027077415,1954-08-11,kasjan98@example.net
766,Воронцова,Людмила,Валентиновна,Ж,+7 (935) 050-58-82,1960-02-23,demiddorofeev@example.com
767,Щукина,Татьяна,Аскольдовна,Ж,8 081 844 03 83,2000-12-03,amvrosi_49@example.org
768,Фомичева,Александра,Архиповна,Ж,+7 269 063 8531,1971-11-20,dobromisl_20@example.com
769,Казакова,Клавдия,Максимовна,Ж,+7 486 807 1557,1989-08-19,kapitonmironov@example.com
770,Кошелева,Октябрина,Леоновна,Ж,8 (204) 828-11-58,2005-08-14,trofimovazinaida@example.org
771,Сысоева,Елизавета,Феликсовна,Ж,82393786860,1973-03-13,milenisakov@example.com
772,Савина,Прасковья,Олеговна,Ж,+7 972 875 1746,2005-02-05,maja1995@example.net
773,Кузьмина,Надежда,Павловна,Ж,8 759 986 8868,1980-03-19,antoninseleznev@example.net
774,Пахомов,Юрий,Гордеевич,М,8 (044) 703-5923,2003-11-12,danila86@example.org
775,Муравьева,Анжелика,Рудольфовна,Ж,+79623327726,1979-10-02,dbaranova@example.org
776,Дроздова,Василиса,Романовна,Ж,+7 789 448 0421,1994-11-01,belousovdenis@example.com
777,Бобылева,Лариса,Болеславовна,Ж,+7 968 071 9698,1994-01-12,moiseevsavvati@example.com
778,Шаров,Виссарион,Изотович,М,8 992 831 0686,1965-11-27,agafonshubin@example.org
779,Исакова,Виктория,Игоревна,Ж,+76892099460,1973-06-24,izot78@example.net
780,Гущина,Майя,Николаевна,Ж,+7 (593) 328-3678,1961-09-03,proklkirillov@example.net
781,Титов,Семен,Матвеевич,М,80377252030,1961-12-06,kira_38@example.net
782,Соколова,Галина,Ильинична,Ж,8 (606) 799-23-61,1985-02-02,simon2007@example.net
783,Воробьева,Акулина,Александровна,Ж,+7 574 543 4180,2003-11-28,filaretzhukov@example.com
784,Елисеева,Анжелика,Георгиевна,Ж,+7 219 386 8488,1970-03-01,kazimirjakushev@example.net
785,Королева,Виктория,Борисовна,Ж,8 (232) 533-23-54,1956-07-18,afanasevnikola@example.net
786,Колесникова,Глафира,Георгиевна,Ж,81870423619,1990-12-06,vsemil_58@example.net
787,Сафонова,Екатерина,Аскольдовна,Ж,8 004 141 8637,1973-10-27,andreevmilan@example.org
788,Смирнова,Эмилия,Александровна,Ж,+71972511479,1998-05-07,vsemilpanfilov@example.com
789,Колобова,Глафира,Алексеевна,Ж,87005951533,2005-09-29,konovalovagafon@example.com
790,Шилов,Сильвестр,Тимурович,М,8 776 841 14 67,1971-05-21,oguljaev@example.net
791,Быкова,Зинаида,Юрьевна,Ж,+7 855 386 38 75,1995-10-29,nikon_1991@example.org
792,Журавлев,Максимильян,Феофанович,М,8 (715) 405-7628,1982-11-13,savinaemilija@example.com
793,Гаврилова,Раиса,Харитоновна,Ж,+7 (577) 011-31-85,1962-05-29,rbeljaeva@example.org
794,Маслова,Агата,Дмитриевна,Ж,8 441 743 8446,1993-08-29,bazhen_1998@example.net
795,Гаврилова,Виктория,Тимофеевна,Ж,+7 (275) 235-25-42,1995-10-31,evstignebelousov@example.com
796,Елисеев,Авдей,Дорофеевич,М,+7 358 806 82 39,1970-06-27,nestorjakovlev@example.com
797,Карпова,Юлия,Рубеновна,Ж,+7 (410) 997-36-37,1996-03-22,margarita_2020@example.com
798,Корнилов,Радован,Власович,М,8 512 571 80 91,1997-06-19,safonovleonid@example.org
799,Соловьев,Геннадий,Гордеевич,М,+7 788 560 1645,1982-02-27,eduard2019@example.org
800,Яковлева,Иванна,Семеновна,Ж,8 323 716 18 09,1998-01-29,nfadeev@example.org
801,Щукина,Агата,Григорьевна,Ж,+7 (652) 718-9798,1958-06-12,djachkovlavr@example.org
802,Ковалева,Оксана,Игоревна,Ж,+7 995 823 34 96,1999-10-09,angelina31@example.com
803,Кузнецова,Марина,Альбертовна,Ж,8 533 172 6270,1962-11-20,shestakovisa@example.org
804,Некрасов,Фортунат,Харламович,М,82010517795,1953-09-15,vinogradovkondrati@example.org
805,Жданова,Валентина,Аскольдовна,Ж,8 (245) 152-31-86,1982-09-26,iraklizikov@example.com
806,Петухова,Маргарита,Захаровна,Ж,88896874598,1998-09-22,teterinafanasi@example.org
807,Рожкова,Мария,Николаевна,Ж,+7 849 510 10 85,1989-05-26,veniamin2002@example.org
808,Воробьева,Глафира,Евгеньевна,Ж,+7 480 902 06 05,2000-01-06,andronsorokin@example.org
809,Потапова,Агафья,Антоновна,Ж,+7 (764) 915-04-80,1976-05-03,galina39@example.net
810,Воробьева,Эмилия,Федоровна,Ж,+7 (668) 500-5415,1980-11-01,kulakovasvetlana@example.com
811,Комиссарова,Валерия,Ивановна,Ж,+7 833 677 9148,1996-10-17,mstislavbirjukov@example.net
812,Баранова,Светлана,Геннадьевна,Ж,8 555 827 5098,1966-11-03,julian1986@example.net
813,Марков,Януарий,Иларионович,М,8 883 124 15 94,1953-12-18,amerkusheva@example.net
814,Александрова,Валентина,Филипповна,Ж,+7 859 704 0400,2004-03-02,mihalovseliverst@example.net
815,Киселева,Ия,Владиславовна,Ж,8 (227) 678-4571,2002-08-14,ostap_24@example.net
816,Блинова,Лукия,Никифоровна,Ж,8 (776) 606-50-08,1970-06-15,narkis_93@example.com
817,Семенова,Валентина,Феликсовна,Ж,8 (645) 647-2868,1963-04-18,ignatevprokofi@example.net
818,Белоусова,Елизавета,Вадимовна,Ж,+7 345 404 8083,1959-11-13,kveselova@example.org
819,Савельева,Василиса,Викторовна,Ж,+7 773 286 7699,1971-12-20,ignatovaninel@example.com
820,Пахомова,Лидия,Тимуровна,Ж,8 816 538 93 50,1984-02-26,sidor1994@example.com
821,Журавлева,Лукия,Натановна,Ж,8 (260) 283-98-44,1995-11-28,xsamsonova@example.com
822,Муравьева,Варвара,Архиповна,Ж,81080633069,1987-08-17,aermakova@example.com
823,Сидорова,Валентина,Болеславовна,Ж,+78130942634,1954-02-19,dmerkushev@example.com
824,Мухина,Зинаида,Рубеновна,Ж,+7 (920) 587-94-30,1988-12-22,onufribogdanov@example.com
825,Рожков,Поликарп,Юльевич,М,8 943 693 08 87,1982-12-07,iraklilarionov@example.net
826,Матвеев,Платон,Ефстафьевич,М,8 880 349 20 62,1959-11-28,muravevmina@example.net
827,Большакова,Анна,Романовна,Ж,+7 496 059 39 83,1982-10-23,natalja94@example.org
828,Шарапова,Маргарита,Борисовна,Ж,8 (001) 457-9341,1990-12-30,nesterovadam@example.org
829,Кудрявцева,Зоя,Наумовна,Ж,8 (097) 813-0205,1990-05-25,milan19@example.com
830,Горшков,Всеволод,Терентьевич,М,+75515353831,1986-05-28,kolobovaevdokija@example.net
831,Гаврилов,Олег,Борисович,М,+7 368 913 2509,2000-08-07,azhuravlev@example.net
832,Жукова,Евпраксия,Сергеевна,Ж,8 120 206 7136,1960-03-29,xbaranova@example.net
833,Захарова,Анжела,Феликсовна,Ж,8 950 953 4201,1990-04-10,silvestreliseev@example.net
834,Морозова,Марфа,Васильевна,Ж,+7 063 738 9901,1955-06-23,blohinmir@example.net
835,Маркова,Глафира,Михайловна,Ж,87387887830,1979-08-12,emmanuil2002@example.net
836,Красильникова,Прасковья,Альбертовна,Ж,8 (002) 373-37-01,1989-08-06,fedorovpetr@example.com
837,Королева,Галина,Владиславовна,Ж,+7 (802) 306-5357,2000-08-30,gushchinaanzhelika@example.org
838,Носкова,Вероника,Тарасовна,Ж,+7 (475) 858-9075,2006-03-30,fortunatdementev@example.com
839,Нестерова,Лидия,Феликсовна,Ж,+7 (976) 949-6577,1987-06-15,alekse54@example.org
840,Воронова,Лора,Викторовна,Ж,8 (352) 107-09-31,1998-06-08,nikanor2017@example.com
